Rank,Player,Team,Scores,Tally,Games,Era,Average
1,Henry Shefflin,Kilkenny,28-485,569,71 games,2000-2018,8
2,Joe Canning,Galway,27-423,504,55 games,2000-2018,9.03
3,Eddie Keher,Kilkenny,35-336,441,50 games,1960-1980,8.8
4,Eoin Kelly,Tipperary,21-369,432,63 games,2000-2018,6.8
5,Patrick Horgan,Cork,13-342,381,51 games,2000-2018,7.3
6,Christy Ring,Cork,33-208,307,65 games,1940-1960,4.7
7,T. J. Reid,Kilkenny,17-256,307,52 games,2000-2018,5.5
8,D. J. Carey,Kilkenny,33-188,287,57 games,1980-2000,5
9,S?amus Callanan,Tipperary,27-197,278,48 games,2000-2018,6
10,Shane Dooley,Offaly,20-218,278,42 games,2000-2018,6.8
11,Nicky Rackard,Wexford,59-96,273,36 games,1940-1960,7.6
12,Joe Deane,Cork,10-237,267,50 games,2000-2018,5.3
13,Niall Gilligan,Clare,21-197,257,56 games,2000-2018,4.6
14,Ben O'Connor,Cork,8-230,254,62 games,2000-2018,4.1
15,Paul Flynn,Waterford,24-181,253,45 games,2000-2018,5.6
16,Jimmy Doyle,Tipperary,18-176,230,39 games,1960-1980,5.9
17,Eoin Kelly,Waterford,14-187,229,44 games,2000-2018,5.3
18,Charlie McCarthy,Cork,24-149,221,45 games,1960-1980,5.3
19,James Young,Laois,8-191,215,31 games,2000-2018,6.9
20,Shane Dowling,Limerick,12-177,213,26 games,2000-2018,9
21,Johnny Dooley,Offaly,4-199,211,35 games,1980-2000,6
22,Brian Carroll,Offaly,5-192,207,49 games,2000-2018,4.2
23,Paul Ryan,Dublin,8-168,192,34 games,2000-2018,5.6
24,Jim Langton,Kilkenny,15-146,191,43 games,1940-1960,4.4
25,Gary Kirby,Limerick,8-165,189,30 games,1980-2000,6.3
26,Pauric Mahony,Waterford,1-186,189,26 games,2000-2018,7.2
27,John Mullane,Waterford,15-134,179,47 games,2000-2018,3.8
28,êamonn Cregan,Limerick,27-97,178,40 games,1960-1980,4.4
29,Nicky English,Tipperary,20-117,177,35 games,1980-2000,5
30,Tony Doran,Wexford,40-56,176,40 games,1960-1980,4.4
,,,,,,,
,,,,,,,
,,,,,,,
,,,,,,,
,,,,,,,
,,,,,,,
,,,,,,,
,,,,,,,
,,,,,,,
,,,,,,,
,,,,,,,
,,,,,,,
,,,,,,,
,,,,,,,
,,,,,,,
,,,,,,,
,,,,,,,
,,,,,,,
,,,,,,,
,,,,,,,
,,,,,,,
,,,,,,,
,,,,,,,
,,,,,,,
,,,,,,,
,,,,,,,
,,,,,,,
,,,,,,,
,,,,,,,
,,,,,,,
,,,,,,,
,,,,,,,
,,,,,,,
,,,,,,,
,,,,,,,
,,,,,,,
,,,,,,,
,,,,,,,
,,,,,,,
,,,,,,,
,,,,,,,
,,,,,,,
,,,,,,,
,,,,,,,
,,,,,,,
,,,,,,,
,,,,,,,
,,,,,,,
,,,,,,,
,,,,,,,
,,,,,,,
,,,,,,,
,,,,,,,
,,,,,,,
,,,,,,,
,,,,,,,
,,,,,,,
,,,,,,,
,,,,,,,
,,,,,,,
,,,,,,,
,,,,,,,
,,,,,,,
,,,,,,,
,,,,,,,
,,,,,,,
,,,,,,,
,,,,,,,
9.24898E+11,,,,,,,
4.61197E+11,,,,,,,
9.96764E+11,,,,,,,
6.05565E+11,,,,,,,
6.36763E+11,,,,,,,
5.34984E+11,,,,,,,
1.09474E+11,,,,,,,
2.85282E+11,,,,,,,
6.51464E+11,,,,,,,
9.98275E+11,,,,,,,
3.64021E+11,,,,,,,
1.24108E+11,,,,,,,
7.24134E+11,,,,,,,
1.03428E+11,,,,,,,
2.66997E+11,,,,,,,
4.48627E+11,,,,,,,
9.3757E+11,,,,,,,
9.80828E+11,,,,,,,
6.8584E+11,,,,,,,
4.37496E+11,,,,,,,
3.67251E+11,,,,,,,
7.8561E+11,,,,,,,
1.59221E+11,,,,,,,
2.49907E+11,,,,,,,
6.44125E+11,,,,,,,
3.43447E+11,,,,,,,
7.75162E+11,,,,,,,
7.18175E+11,,,,,,,
6.66881E+11,,,,,,,
2.70197E+11,,,,,,,
5.67762E+11,,,,,,,
9.63818E+11,,,,,,,
9.47704E+11,,,,,,,
2.21293E+11,,,,,,,
6.54738E+11,,,,,,,
1.30476E+11,,,,,,,
9.67131E+11,,,,,,,
2.32023E+11,,,,,,,
7.53326E+11,,,,,,,
5.04323E+11,,,,,,,
8.42391E+11,,,,,,,
3.84589E+11,,,,,,,
1.15553E+11,,,,,,,
7.14179E+11,,,,,,,
6.00739E+11,,,,,,,
1.70338E+11,,,,,,,
9.04687E+11,,,,,,,
2.23085E+11,,,,,,,
8.32447E+11,,,,,,,
3.00015E+11,,,,,,,
4.97373E+11,,,,,,,
1.14112E+11,,,,,,,
2.6642E+11,,,,,,,
3.41068E+11,,,,,,,
9.49161E+11,,,,,,,
2.58556E+11,,,,,,,
1.54293E+11,,,,,,,
5.92975E+11,,,,,,,
4.03436E+11,,,,,,,
3.86741E+11,,,,,,,
1.34223E+11,,,,,,,
4.97864E+11,,,,,,,
9.52596E+11,,,,,,,
6.14163E+11,,,,,,,
5.22342E+11,,,,,,,
9.1318E+11,,,,,,,
3.48101E+11,,,,,,,
2.67686E+11,,,,,,,
5.90973E+11,,,,,,,
9.90858E+11,,,,,,,
6.70768E+11,,,,,,,
6.82769E+11,,,,,,,
1.07243E+11,,,,,,,
2.05132E+11,,,,,,,
1.87894E+11,,,,,,,
5.10498E+11,,,,,,,
3.25967E+11,,,,,,,
5.65146E+11,,,,,,,
5.0662E+11,,,,,,,
8.25482E+11,,,,,,,
3.75177E+11,,,,,,,
1.66448E+11,,,,,,,
1.73839E+11,,,,,,,
7.352E+11,,,,,,,
3.07593E+11,,,,,,,
6.37151E+11,,,,,,,
9.27326E+11,,,,,,,
1.93438E+11,,,,,,,
5.77501E+11,,,,,,,
9.52769E+11,,,,,,,
4.2451E+11,,,,,,,
9.635E+11,,,,,,,
4.92022E+11,,,,,,,
7.43854E+11,,,,,,,
6.55862E+11,,,,,,,
3.2326E+11,,,,,,,
6.81187E+11,,,,,,,
3.57017E+11,,,,,,,
2.41824E+11,,,,,,,
9.7423E+11,,,,,,,
4.73755E+11,,,,,,,
7.15136E+11,,,,,,,
6.57293E+11,,,,,,,
7.63528E+11,,,,,,,
3.00056E+11,,,,,,,
4.24965E+11,,,,,,,
3.60525E+11,,,,,,,
3.16786E+11,,,,,,,
1.62913E+11,,,,,,,
6.971E+11,,,,,,,
4.51032E+11,,,,,,,
4.94904E+11,,,,,,,
1.22108E+11,,,,,,,
1.28262E+11,,,,,,,
9.13967E+11,,,,,,,
3.51522E+11,,,,,,,
8.00571E+11,,,,,,,
5.03642E+11,,,,,,,
2.4587E+11,,,,,,,
5.09356E+11,,,,,,,
6.73685E+11,,,,,,,
1.39125E+11,,,,,,,
5.65643E+11,,,,,,,
1.59879E+11,,,,,,,
5.77984E+11,,,,,,,
3.59855E+11,,,,,,,
1.61594E+11,,,,,,,
9.06459E+11,,,,,,,
8.49407E+11,,,,,,,
8.08598E+11,,,,,,,
9.53691E+11,,,,,,,
9.21795E+11,,,,,,,
3.14519E+11,,,,,,,
6.33955E+11,,,,,,,
7.98261E+11,,,,,,,
8.21373E+11,,,,,,,
4.82163E+11,,,,,,,
4.83842E+11,,,,,,,
4.89307E+11,,,,,,,
6.80706E+11,,,,,,,
8.22245E+11,,,,,,,
5.16749E+11,,,,,,,
4.90237E+11,,,,,,,
2.26723E+11,,,,,,,
4.08108E+11,,,,,,,
7.83072E+11,,,,,,,
8.59258E+11,,,,,,,
6.21016E+11,,,,,,,
6.66038E+11,,,,,,,
3.98646E+11,,,,,,,
7.71606E+11,,,,,,,
4.38192E+11,,,,,,,
4.91124E+11,,,,,,,
8.79023E+11,,,,,,,
8.73756E+11,,,,,,,
1.69026E+11,,,,,,,
7.52315E+11,,,,,,,
8.99652E+11,,,,,,,
1.96737E+11,,,,,,,
4.38001E+11,,,,,,,
2.14371E+11,,,,,,,
8.53241E+11,,,,,,,
5.62692E+11,,,,,,,
7.37619E+11,,,,,,,
5.07122E+11,,,,,,,
6.44529E+11,,,,,,,
3.66642E+11,,,,,,,
4.15695E+11,,,,,,,
5.48612E+11,,,,,,,
8.23066E+11,,,,,,,
9.41449E+11,,,,,,,
3.25533E+11,,,,,,,
7.95226E+11,,,,,,,
5.03561E+11,,,,,,,
8.65284E+11,,,,,,,
2.73819E+11,,,,,,,
1.49154E+11,,,,,,,
3.63045E+11,,,,,,,
6.86365E+11,,,,,,,
2.88007E+11,,,,,,,
9.8061E+11,,,,,,,
3.2231E+11,,,,,,,
7.8444E+11,,,,,,,
7.43222E+11,,,,,,,
1.46312E+11,,,,,,,
4.6548E+11,,,,,,,
7.61768E+11,,,,,,,
9.22978E+11,,,,,,,
3.8264E+11,,,,,,,
7.58429E+11,,,,,,,
9.00905E+11,,,,,,,
3.05895E+11,,,,,,,
3.71047E+11,,,,,,,
2.01815E+11,,,,,,,
8.06784E+11,,,,,,,
7.35023E+11,,,,,,,
9.07882E+11,,,,,,,
5.55419E+11,,,,,,,
5.36042E+11,,,,,,,
2.88006E+11,,,,,,,
8.44857E+11,,,,,,,
4.08198E+11,,,,,,,
4.29069E+11,,,,,,,
2.63081E+11,,,,,,,
4.23275E+11,,,,,,,
9.23618E+11,,,,,,,
4.2129E+11,,,,,,,
1.86262E+11,,,,,,,
2.23813E+11,,,,,,,
2.51707E+11,,,,,,,
8.50975E+11,,,,,,,
8.06192E+11,,,,,,,
9.72442E+11,,,,,,,
4.15176E+11,,,,,,,
4.00339E+11,,,,,,,
1.69341E+11,,,,,,,
4.69498E+11,,,,,,,
6.9569E+11,,,,,,,
8.93441E+11,,,,,,,
7.23469E+11,,,,,,,
8.61235E+11,,,,,,,
3.99219E+11,,,,,,,
2.84441E+11,,,,,,,
7.18446E+11,,,,,,,
3.56499E+11,,,,,,,
3.2548E+11,,,,,,,
9.68129E+11,,,,,,,
2.07969E+11,,,,,,,
5.63193E+11,,,,,,,
4.94916E+11,,,,,,,
4.90959E+11,,,,,,,
5.41312E+11,,,,,,,
7.17693E+11,,,,,,,
3.9224E+11,,,,,,,
7.30516E+11,,,,,,,
4.42295E+11,,,,,,,
6.66202E+11,,,,,,,
9.3643E+11,,,,,,,
7.68726E+11,,,,,,,
1.12299E+11,,,,,,,
8.00748E+11,,,,,,,
9.91266E+11,,,,,,,
4.42292E+11,,,,,,,
7.78326E+11,,,,,,,
2.57586E+11,,,,,,,
8.37469E+11,,,,,,,
7.8895E+11,,,,,,,
9.68783E+11,,,,,,,
5.61494E+11,,,,,,,
5.15881E+11,,,,,,,
3.0872E+11,,,,,,,
1.98687E+11,,,,,,,
8.50056E+11,,,,,,,
8.51138E+11,,,,,,,
9.87086E+11,,,,,,,
4.39514E+11,,,,,,,
5.97563E+11,,,,,,,
5.10033E+11,,,,,,,
4.52425E+11,,,,,,,
3.4776E+11,,,,,,,
7.52066E+11,,,,,,,
9.07238E+11,,,,,,,
3.85317E+11,,,,,,,
6.32671E+11,,,,,,,
1.99967E+11,,,,,,,
5.7042E+11,,,,,,,
9.41797E+11,,,,,,,
2.66827E+11,,,,,,,
8.43634E+11,,,,,,,
4.3359E+11,,,,,,,
9.91713E+11,,,,,,,
1.48587E+11,,,,,,,
1.80006E+11,,,,,,,
9.5312E+11,,,,,,,
4.96729E+11,,,,,,,
4.80664E+11,,,,,,,
8.00038E+11,,,,,,,
9.22203E+11,,,,,,,
1.56377E+11,,,,,,,
2.64068E+11,,,,,,,
1.17456E+11,,,,,,,
4.20571E+11,,,,,,,
5.54926E+11,,,,,,,
9.60139E+11,,,,,,,
2.11254E+11,,,,,,,
6.58839E+11,,,,,,,
9.50236E+11,,,,,,,
1.56335E+11,,,,,,,
2.5372E+11,,,,,,,
4.16225E+11,,,,,,,
2.36424E+11,,,,,,,
3.98786E+11,,,,,,,
1.88708E+11,,,,,,,
4.35021E+11,,,,,,,
1.48439E+11,,,,,,,
4.0611E+11,,,,,,,
4.94134E+11,,,,,,,
6.30272E+11,,,,,,,
5.88666E+11,,,,,,,
9.8805E+11,,,,,,,
3.1509E+11,,,,,,,
4.69019E+11,,,,,,,
7.78909E+11,,,,,,,
7.01133E+11,,,,,,,
4.03665E+11,,,,,,,
9.8435E+11,,,,,,,
1.27427E+11,,,,,,,
8.21429E+11,,,,,,,
6.24771E+11,,,,,,,
9.13796E+11,,,,,,,
6.50374E+11,,,,,,,
2.52917E+11,,,,,,,
5.27437E+11,,,,,,,
4.37074E+11,,,,,,,
4.98448E+11,,,,,,,
2.17377E+11,,,,,,,
1.22122E+11,,,,,,,
9.38217E+11,,,,,,,
5.95329E+11,,,,,,,
4.94287E+11,,,,,,,
9.62555E+11,,,,,,,
1.98469E+11,,,,,,,
2.3305E+11,,,,,,,
7.45161E+11,,,,,,,
5.74564E+11,,,,,,,
3.84196E+11,,,,,,,
2.39641E+11,,,,,,,
8.61617E+11,,,,,,,
7.54994E+11,,,,,,,
9.56595E+11,,,,,,,
3.17751E+11,,,,,,,
2.18286E+11,,,,,,,
7.08366E+11,,,,,,,
3.37725E+11,,,,,,,
4.05009E+11,,,,,,,
2.2871E+11,,,,,,,
5.11981E+11,,,,,,,
8.02088E+11,,,,,,,
2.22742E+11,,,,,,,
3.26621E+11,,,,,,,
7.42996E+11,,,,,,,
5.33728E+11,,,,,,,
4.10514E+11,,,,,,,
8.14137E+11,,,,,,,
9.56871E+11,,,,,,,
1.69839E+11,,,,,,,
2.70315E+11,,,,,,,
6.86594E+11,,,,,,,
3.00201E+11,,,,,,,
9.38186E+11,,,,,,,
8.6435E+11,,,,,,,
3.41727E+11,,,,,,,
9.42786E+11,,,,,,,
8.43859E+11,,,,,,,
8.29131E+11,,,,,,,
5.53655E+11,,,,,,,
8.07581E+11,,,,,,,
8.96154E+11,,,,,,,
6.40022E+11,,,,,,,
9.85274E+11,,,,,,,
2.26051E+11,,,,,,,
9.32444E+11,,,,,,,
3.14576E+11,,,,,,,
5.03468E+11,,,,,,,
6.29851E+11,,,,,,,
8.21113E+11,,,,,,,
2.3029E+11,,,,,,,
8.51015E+11,,,,,,,
5.63773E+11,,,,,,,
9.25306E+11,,,,,,,
4.99403E+11,,,,,,,
6.91571E+11,,,,,,,
8.06715E+11,,,,,,,
3.3728E+11,,,,,,,
4.6241E+11,,,,,,,
1.00811E+11,,,,,,,
9.64764E+11,,,,,,,
7.0577E+11,,,,,,,
2.60577E+11,,,,,,,
2.14109E+11,,,,,,,
3.23289E+11,,,,,,,
5.95577E+11,,,,,,,
4.60092E+11,,,,,,,
4.5297E+11,,,,,,,
9.38325E+11,,,,,,,
9.67969E+11,,,,,,,
6.11442E+11,,,,,,,
4.14408E+11,,,,,,,
8.98856E+11,,,,,,,
4.58272E+11,,,,,,,
4.63361E+11,,,,,,,
4.05776E+11,,,,,,,
9.96033E+11,,,,,,,
8.79254E+11,,,,,,,
8.81971E+11,,,,,,,
7.88899E+11,,,,,,,
1.3829E+11,,,,,,,
1.15787E+11,,,,,,,
2.44219E+11,,,,,,,
8.41676E+11,,,,,,,
6.56131E+11,,,,,,,
3.71209E+11,,,,,,,
7.95293E+11,,,,,,,
8.99147E+11,,,,,,,
7.12045E+11,,,,,,,
8.46393E+11,,,,,,,
7.37656E+11,,,,,,,
2.58468E+11,,,,,,,
3.79079E+11,,,,,,,
9.15835E+11,,,,,,,
1.65944E+11,,,,,,,
6.59535E+11,,,,,,,
8.00102E+11,,,,,,,
9.88976E+11,,,,,,,
6.48899E+11,,,,,,,
5.8521E+11,,,,,,,
4.7585E+11,,,,,,,
1.60646E+11,,,,,,,
8.78116E+11,,,,,,,
3.11305E+11,,,,,,,
3.45362E+11,,,,,,,
9.35104E+11,,,,,,,
2.69982E+11,,,,,,,
2.19816E+11,,,,,,,
4.66717E+11,,,,,,,
6.79328E+11,,,,,,,
3.34067E+11,,,,,,,
9.63156E+11,,,,,,,
9.50501E+11,,,,,,,
4.01561E+11,,,,,,,
6.66918E+11,,,,,,,
7.15024E+11,,,,,,,
2.41377E+11,,,,,,,
9.87762E+11,,,,,,,
5.2116E+11,,,,,,,
2.05642E+11,,,,,,,
8.42261E+11,,,,,,,
6.01888E+11,,,,,,,
6.63785E+11,,,,,,,
3.83624E+11,,,,,,,
6.82178E+11,,,,,,,
9.54074E+11,,,,,,,
6.13478E+11,,,,,,,
7.77993E+11,,,,,,,
9.30117E+11,,,,,,,
5.20763E+11,,,,,,,
1.82249E+11,,,,,,,
5.92645E+11,,,,,,,
1.99965E+11,,,,,,,
8.40427E+11,,,,,,,
5.03806E+11,,,,,,,
2.35464E+11,,,,,,,
7.57587E+11,,,,,,,
6.48888E+11,,,,,,,
1.19562E+11,,,,,,,
2.37876E+11,,,,,,,
8.99427E+11,,,,,,,
2.23097E+11,,,,,,,
3.76886E+11,,,,,,,
8.30233E+11,,,,,,,
7.34462E+11,,,,,,,
5.8028E+11,,,,,,,
8.34315E+11,,,,,,,
1.65939E+11,,,,,,,
7.39297E+11,,,,,,,
5.92202E+11,,,,,,,
7.87642E+11,,,,,,,
8.67506E+11,,,,,,,
8.48173E+11,,,,,,,
3.99611E+11,,,,,,,
3.93913E+11,,,,,,,
2.54837E+11,,,,,,,
4.70193E+11,,,,,,,
1.10963E+11,,,,,,,
3.79341E+11,,,,,,,
9.7815E+11,,,,,,,
8.43576E+11,,,,,,,
3.44439E+11,,,,,,,
5.62153E+11,,,,,,,
5.64549E+11,,,,,,,
8.81382E+11,,,,,,,
5.40876E+11,,,,,,,
8.42214E+11,,,,,,,
4.16873E+11,,,,,,,
3.98895E+11,,,,,,,
4.30541E+11,,,,,,,
6.1865E+11,,,,,,,
7.34463E+11,,,,,,,
5.48676E+11,,,,,,,
2.6162E+11,,,,,,,
9.77456E+11,,,,,,,
2.41096E+11,,,,,,,
2.83705E+11,,,,,,,
7.24624E+11,,,,,,,
2.76533E+11,,,,,,,
9.55242E+11,,,,,,,
4.12443E+11,,,,,,,
8.55559E+11,,,,,,,
7.13988E+11,,,,,,,
3.88619E+11,,,,,,,
4.86185E+11,,,,,,,
2.90473E+11,,,,,,,
7.85629E+11,,,,,,,
2.23654E+11,,,,,,,
5.66006E+11,,,,,,,
4.29927E+11,,,,,,,
7.08247E+11,,,,,,,
6.45727E+11,,,,,,,
9.42668E+11,,,,,,,
5.86348E+11,,,,,,,
9.41168E+11,,,,,,,
7.96547E+11,,,,,,,
1.55026E+11,,,,,,,
2.51006E+11,,,,,,,
3.89407E+11,,,,,,,
2.84315E+11,,,,,,,
9.20729E+11,,,,,,,
7.23873E+11,,,,,,,
9.57493E+11,,,,,,,
8.8926E+11,,,,,,,
4.6921E+11,,,,,,,
9.32937E+11,,,,,,,
3.59159E+11,,,,,,,
8.88006E+11,,,,,,,
4.9007E+11,,,,,,,
8.2192E+11,,,,,,,
4.43209E+11,,,,,,,
4.22513E+11,,,,,,,
2.59509E+11,,,,,,,
2.54466E+11,,,,,,,
5.12427E+11,,,,,,,
6.49542E+11,,,,,,,
3.94046E+11,,,,,,,
7.13417E+11,,,,,,,
4.60583E+11,,,,,,,
2.59828E+11,,,,,,,
3.01458E+11,,,,,,,
8.20161E+11,,,,,,,
9.13089E+11,,,,,,,
3.23362E+11,,,,,,,
5.36188E+11,,,,,,,
5.25553E+11,,,,,,,
3.773E+11,,,,,,,
3.99674E+11,,,,,,,
2.95971E+11,,,,,,,
4.43297E+11,,,,,,,
3.28852E+11,,,,,,,
6.57113E+11,,,,,,,
9.05822E+11,,,,,,,
3.57655E+11,,,,,,,
5.91886E+11,,,,,,,
7.9199E+11,,,,,,,
3.901E+11,,,,,,,
6.75139E+11,,,,,,,
6.84328E+11,,,,,,,
1.72925E+11,,,,,,,
9.74689E+11,,,,,,,
2.18965E+11,,,,,,,
7.00362E+11,,,,,,,
2.71174E+11,,,,,,,
4.51951E+11,,,,,,,
5.93413E+11,,,,,,,
8.18047E+11,,,,,,,
2.66585E+11,,,,,,,
8.33101E+11,,,,,,,
9.9099E+11,,,,,,,
4.84641E+11,,,,,,,
2.68562E+11,,,,,,,
3.66911E+11,,,,,,,
6.8846E+11,,,,,,,
8.32298E+11,,,,,,,
2.72448E+11,,,,,,,
1.87819E+11,,,,,,,
2.25348E+11,,,,,,,
6.67271E+11,,,,,,,
6.14183E+11,,,,,,,
2.23029E+11,,,,,,,
9.17233E+11,,,,,,,
1.74892E+11,,,,,,,
4.07069E+11,,,,,,,
8.68389E+11,,,,,,,
1.56235E+11,,,,,,,
8.91606E+11,,,,,,,
9.67451E+11,,,,,,,
7.32806E+11,,,,,,,
3.89785E+11,,,,,,,
5.37028E+11,,,,,,,
5.51461E+11,,,,,,,
9.79389E+11,,,,,,,
6.6694E+11,,,,,,,
2.54797E+11,,,,,,,
1.70117E+11,,,,,,,
7.52333E+11,,,,,,,
7.3433E+11,,,,,,,
5.58966E+11,,,,,,,
1.48371E+11,,,,,,,
8.36953E+11,,,,,,,
4.68521E+11,,,,,,,
3.29475E+11,,,,,,,
6.17778E+11,,,,,,,
5.75806E+11,,,,,,,
2.38189E+11,,,,,,,
9.42946E+11,,,,,,,
5.71853E+11,,,,,,,
1.154E+11,,,,,,,
3.20336E+11,,,,,,,
3.29943E+11,,,,,,,
4.9476E+11,,,,,,,
6.09116E+11,,,,,,,
1.77167E+11,,,,,,,
9.50377E+11,,,,,,,
8.12489E+11,,,,,,,
4.1302E+11,,,,,,,
8.71742E+11,,,,,,,
8.0775E+11,,,,,,,
7.12993E+11,,,,,,,
4.6026E+11,,,,,,,
5.75913E+11,,,,,,,
6.023E+11,,,,,,,
9.22847E+11,,,,,,,
8.48835E+11,,,,,,,
1.53845E+11,,,,,,,
6.30681E+11,,,,,,,
2.60428E+11,,,,,,,
5.52808E+11,,,,,,,
7.66467E+11,,,,,,,
7.17767E+11,,,,,,,
9.10047E+11,,,,,,,
1.50942E+11,,,,,,,
9.85009E+11,,,,,,,
4.25137E+11,,,,,,,
9.29361E+11,,,,,,,
8.06569E+11,,,,,,,
2.70591E+11,,,,,,,
1.75158E+11,,,,,,,
6.75802E+11,,,,,,,
7.15354E+11,,,,,,,
1.11E+11,,,,,,,
8.82825E+11,,,,,,,
2.06125E+11,,,,,,,
5.40795E+11,,,,,,,
2.02316E+11,,,,,,,
4.44105E+11,,,,,,,
9.53369E+11,,,,,,,
8.443E+11,,,,,,,
6.70516E+11,,,,,,,
5.9095E+11,,,,,,,
1.158E+11,,,,,,,
1.3171E+11,,,,,,,
2.09618E+11,,,,,,,
2.07125E+11,,,,,,,
3.0402E+11,,,,,,,
6.132E+11,,,,,,,
5.99966E+11,,,,,,,
2.66228E+11,,,,,,,
4.0932E+11,,,,,,,
2.60926E+11,,,,,,,
9.14376E+11,,,,,,,
5.15976E+11,,,,,,,
5.48369E+11,,,,,,,
9.71018E+11,,,,,,,
1.06134E+11,,,,,,,
9.12172E+11,,,,,,,
7.46227E+11,,,,,,,
4.52512E+11,,,,,,,
8.13718E+11,,,,,,,
5.46621E+11,,,,,,,
5.24254E+11,,,,,,,
7.17399E+11,,,,,,,
9.36091E+11,,,,,,,
1.58796E+11,,,,,,,
2.86217E+11,,,,,,,
9.79662E+11,,,,,,,
6.79142E+11,,,,,,,
7.78782E+11,,,,,,,
5.31438E+11,,,,,,,
5.93372E+11,,,,,,,
3.65431E+11,,,,,,,
2.7187E+11,,,,,,,
3.89402E+11,,,,,,,
5.9576E+11,,,,,,,
1.50445E+11,,,,,,,
2.98271E+11,,,,,,,
9.66431E+11,,,,,,,
8.16147E+11,,,,,,,
5.61094E+11,,,,,,,
3.78294E+11,,,,,,,
3.98992E+11,,,,,,,
9.26318E+11,,,,,,,
1.8932E+11,,,,,,,
4.06348E+11,,,,,,,
3.1493E+11,,,,,,,
1.00037E+11,,,,,,,
4.47393E+11,,,,,,,
4.42159E+11,,,,,,,
8.72404E+11,,,,,,,
9.18983E+11,,,,,,,
8.76147E+11,,,,,,,
7.91855E+11,,,,,,,
9.245E+11,,,,,,,
9.82452E+11,,,,,,,
2.97091E+11,,,,,,,
1.3123E+11,,,,,,,
2.33741E+11,,,,,,,
5.16158E+11,,,,,,,
8.43341E+11,,,,,,,
3.13634E+11,,,,,,,
4.98796E+11,,,,,,,
8.67396E+11,,,,,,,
7.97558E+11,,,,,,,
6.77756E+11,,,,,,,
8.93423E+11,,,,,,,
8.45384E+11,,,,,,,
8.66863E+11,,,,,,,
8.42811E+11,,,,,,,
1.24733E+11,,,,,,,
5.56087E+11,,,,,,,
5.02086E+11,,,,,,,
4.6451E+11,,,,,,,
8.30786E+11,,,,,,,
4.7724E+11,,,,,,,
3.6516E+11,,,,,,,
6.46493E+11,,,,,,,
5.89562E+11,,,,,,,
1.21062E+11,,,,,,,
8.86061E+11,,,,,,,
2.95179E+11,,,,,,,
3.28874E+11,,,,,,,
2.95614E+11,,,,,,,
1.48238E+11,,,,,,,
6.34695E+11,,,,,,,
7.85548E+11,,,,,,,
4.22186E+11,,,,,,,
8.87883E+11,,,,,,,
9.31457E+11,,,,,,,
4.82822E+11,,,,,,,
5.74174E+11,,,,,,,
2.76638E+11,,,,,,,
3.8442E+11,,,,,,,
7.64923E+11,,,,,,,
9.52508E+11,,,,,,,
2.1463E+11,,,,,,,
1.45975E+11,,,,,,,
7.81236E+11,,,,,,,
6.61662E+11,,,,,,,
7.28914E+11,,,,,,,
9.60822E+11,,,,,,,
1.82024E+11,,,,,,,
2.85547E+11,,,,,,,
4.62605E+11,,,,,,,
4.0171E+11,,,,,,,
2.58848E+11,,,,,,,
2.94572E+11,,,,,,,
3.97736E+11,,,,,,,
3.61523E+11,,,,,,,
4.69203E+11,,,,,,,
5.28167E+11,,,,,,,
5.33088E+11,,,,,,,
5.9409E+11,,,,,,,
4.58964E+11,,,,,,,
7.01234E+11,,,,,,,
7.11526E+11,,,,,,,
8.68026E+11,,,,,,,
7.07119E+11,,,,,,,
6.89557E+11,,,,,,,
6.93558E+11,,,,,,,
2.66497E+11,,,,,,,
1.63231E+11,,,,,,,
9.65044E+11,,,,,,,
4.07347E+11,,,,,,,
4.61138E+11,,,,,,,
3.81508E+11,,,,,,,
1.195E+11,,,,,,,
5.89841E+11,,,,,,,
5.59318E+11,,,,,,,
8.1818E+11,,,,,,,
7.58675E+11,,,,,,,
9.84707E+11,,,,,,,
1.3307E+11,,,,,,,
3.02369E+11,,,,,,,
2.74293E+11,,,,,,,
2.31137E+11,,,,,,,
5.34249E+11,,,,,,,
2.22756E+11,,,,,,,
5.67313E+11,,,,,,,
8.2284E+11,,,,,,,
2.37681E+11,,,,,,,
5.92498E+11,,,,,,,
1.13211E+11,,,,,,,
9.21189E+11,,,,,,,
5.58964E+11,,,,,,,
2.83922E+11,,,,,,,
4.79851E+11,,,,,,,
5.02132E+11,,,,,,,
5.67739E+11,,,,,,,
6.76318E+11,,,,,,,
4.64178E+11,,,,,,,
7.52634E+11,,,,,,,
8.40891E+11,,,,,,,
2.40252E+11,,,,,,,
7.30248E+11,,,,,,,
2.39711E+11,,,,,,,
3.66551E+11,,,,,,,
2.38263E+11,,,,,,,
2.82689E+11,,,,,,,
6.8384E+11,,,,,,,
2.22196E+11,,,,,,,
1.51834E+11,,,,,,,
7.12389E+11,,,,,,,
2.67572E+11,,,,,,,
4.54625E+11,,,,,,,
5.53931E+11,,,,,,,
3.62022E+11,,,,,,,
8.82034E+11,,,,,,,
4.47974E+11,,,,,,,
3.25628E+11,,,,,,,
3.39356E+11,,,,,,,
5.67725E+11,,,,,,,
2.66335E+11,,,,,,,
5.47113E+11,,,,,,,
8.91623E+11,,,,,,,
4.28513E+11,,,,,,,
9.60866E+11,,,,,,,
4.50193E+11,,,,,,,
6.43855E+11,,,,,,,
3.6437E+11,,,,,,,
6.84664E+11,,,,,,,
6.93155E+11,,,,,,,
6.1279E+11,,,,,,,
1.2356E+11,,,,,,,
6.50125E+11,,,,,,,
7.19632E+11,,,,,,,
3.25313E+11,,,,,,,
3.07072E+11,,,,,,,
3.51892E+11,,,,,,,
2.98704E+11,,,,,,,
3.87843E+11,,,,,,,
6.09415E+11,,,,,,,
8.52401E+11,,,,,,,
2.52868E+11,,,,,,,
3.63317E+11,,,,,,,
7.9372E+11,,,,,,,
6.08362E+11,,,,,,,
8.53779E+11,,,,,,,
8.55671E+11,,,,,,,
5.36553E+11,,,,,,,
6.89449E+11,,,,,,,
2.01637E+11,,,,,,,
8.39946E+11,,,,,,,
3.61607E+11,,,,,,,
8.13455E+11,,,,,,,
3.31757E+11,,,,,,,
1.87601E+11,,,,,,,
7.75583E+11,,,,,,,
1.16522E+11,,,,,,,
5.2807E+11,,,,,,,
6.74023E+11,,,,,,,
9.01847E+11,,,,,,,
9.84279E+11,,,,,,,
4.33471E+11,,,,,,,
1.99958E+11,,,,,,,
7.25769E+11,,,,,,,
9.89585E+11,,,,,,,
3.85411E+11,,,,,,,
7.03023E+11,,,,,,,
4.26703E+11,,,,,,,
8.82018E+11,,,,,,,
6.50713E+11,,,,,,,
4.04897E+11,,,,,,,
1.14085E+11,,,,,,,
8.17062E+11,,,,,,,
1.2133E+11,,,,,,,
3.13724E+11,,,,,,,
7.9267E+11,,,,,,,
4.9744E+11,,,,,,,
3.0907E+11,,,,,,,
4.99078E+11,,,,,,,
8.88448E+11,,,,,,,
2.83734E+11,,,,,,,
9.77659E+11,,,,,,,
4.22759E+11,,,,,,,
1.13317E+11,,,,,,,
7.0454E+11,,,,,,,
6.52737E+11,,,,,,,
7.98692E+11,,,,,,,
3.7941E+11,,,,,,,
4.6717E+11,,,,,,,
4.06672E+11,,,,,,,
7.32461E+11,,,,,,,
5.40527E+11,,,,,,,
7.11165E+11,,,,,,,
1.36524E+11,,,,,,,
2.21114E+11,,,,,,,
2.73247E+11,,,,,,,
9.73401E+11,,,,,,,
3.88482E+11,,,,,,,
7.67557E+11,,,,,,,
3.19024E+11,,,,,,,
5.3714E+11,,,,,,,
3.34808E+11,,,,,,,
4.93609E+11,,,,,,,
4.14481E+11,,,,,,,
8.96864E+11,,,,,,,
8.05913E+11,,,,,,,
1.65696E+11,,,,,,,
5.74615E+11,,,,,,,
2.00782E+11,,,,,,,
1.05026E+11,,,,,,,
5.33634E+11,,,,,,,
5.92819E+11,,,,,,,
9.16302E+11,,,,,,,
6.07934E+11,,,,,,,
6.17026E+11,,,,,,,
9.12021E+11,,,,,,,
5.95753E+11,,,,,,,
5.70676E+11,,,,,,,
9.24773E+11,,,,,,,
8.46376E+11,,,,,,,
4.7515E+11,,,,,,,
1.51322E+11,,,,,,,
6.17108E+11,,,,,,,
3.44273E+11,,,,,,,
7.64817E+11,,,,,,,
9.87824E+11,,,,,,,
2.60593E+11,,,,,,,
9.14833E+11,,,,,,,
5.28527E+11,,,,,,,
6.89649E+11,,,,,,,
3.3763E+11,,,,,,,
6.1169E+11,,,,,,,
3.73239E+11,,,,,,,
7.86486E+11,,,,,,,
5.67106E+11,,,,,,,
6.55795E+11,,,,,,,
4.49798E+11,,,,,,,
6.05699E+11,,,,,,,
2.23249E+11,,,,,,,
6.15183E+11,,,,,,,
3.58593E+11,,,,,,,
2.42942E+11,,,,,,,
7.38165E+11,,,,,,,
3.57479E+11,,,,,,,
1.67079E+11,,,,,,,
4.90869E+11,,,,,,,
1.9065E+11,,,,,,,
8.80387E+11,,,,,,,
4.97585E+11,,,,,,,
6.6961E+11,,,,,,,
3.10013E+11,,,,,,,
4.63687E+11,,,,,,,
3.68588E+11,,,,,,,
1.98688E+11,,,,,,,
2.95519E+11,,,,,,,
8.829E+11,,,,,,,
1.59129E+11,,,,,,,
5.34295E+11,,,,,,,
4.32097E+11,,,,,,,
7.6468E+11,,,,,,,
4.90179E+11,,,,,,,
6.27582E+11,,,,,,,
2.24146E+11,,,,,,,
8.97595E+11,,,,,,,
4.97044E+11,,,,,,,
3.01136E+11,,,,,,,
4.55576E+11,,,,,,,
3.7679E+11,,,,,,,
3.09995E+11,,,,,,,
1.30729E+11,,,,,,,
6.3824E+11,,,,,,,
1.44154E+11,,,,,,,
2.34919E+11,,,,,,,
6.13761E+11,,,,,,,
4.84935E+11,,,,,,,
7.43503E+11,,,,,,,
8.68132E+11,,,,,,,
7.71995E+11,,,,,,,
9.27167E+11,,,,,,,
5.84215E+11,,,,,,,
5.85409E+11,,,,,,,
2.12053E+11,,,,,,,
1.00553E+11,,,,,,,
5.33371E+11,,,,,,,
9.7378E+11,,,,,,,
7.1981E+11,,,,,,,
2.49822E+11,,,,,,,
7.74847E+11,,,,,,,
2.06812E+11,,,,,,,
5.04766E+11,,,,,,,
1.46863E+11,,,,,,,
6.04628E+11,,,,,,,
5.95783E+11,,,,,,,
9.94282E+11,,,,,,,
7.96621E+11,,,,,,,
9.24477E+11,,,,,,,
9.17364E+11,,,,,,,
6.46592E+11,,,,,,,
9.88607E+11,,,,,,,
2.67648E+11,,,,,,,
4.76277E+11,,,,,,,
5.13291E+11,,,,,,,
1.73596E+11,,,,,,,
9.02367E+11,,,,,,,
7.01959E+11,,,,,,,
1.5259E+11,,,,,,,
5.14075E+11,,,,,,,
5.70006E+11,,,,,,,
5.17462E+11,,,,,,,
8.54973E+11,,,,,,,
9.67966E+11,,,,,,,
7.82796E+11,,,,,,,
2.49457E+11,,,,,,,
7.23495E+11,,,,,,,
2.45411E+11,,,,,,,
8.61323E+11,,,,,,,
7.98046E+11,,,,,,,
8.66831E+11,,,,,,,
5.62826E+11,,,,,,,
1.56159E+11,,,,,,,
5.78726E+11,,,,,,,
6.37781E+11,,,,,,,
9.44184E+11,,,,,,,
2.95456E+11,,,,,,,
1.17014E+11,,,,,,,
9.13253E+11,,,,,,,
8.30527E+11,,,,,,,
5.6396E+11,,,,,,,
5.5015E+11,,,,,,,
5.59484E+11,,,,,,,
5.89748E+11,,,,,,,
6.68654E+11,,,,,,,
3.32978E+11,,,,,,,
6.09844E+11,,,,,,,
9.15577E+11,,,,,,,
1.41307E+11,,,,,,,
8.68182E+11,,,,,,,
9.81548E+11,,,,,,,
4.97394E+11,,,,,,,
8.14749E+11,,,,,,,
7.6317E+11,,,,,,,
8.97695E+11,,,,,,,
4.76642E+11,,,,,,,
6.66458E+11,,,,,,,
5.67473E+11,,,,,,,
5.5565E+11,,,,,,,
8.1325E+11,,,,,,,
5.4843E+11,,,,,,,
2.6174E+11,,,,,,,
4.33171E+11,,,,,,,
1.95622E+11,,,,,,,
7.78984E+11,,,,,,,
7.15888E+11,,,,,,,
7.41918E+11,,,,,,,
4.45043E+11,,,,,,,
3.34819E+11,,,,,,,
8.71891E+11,,,,,,,
5.32098E+11,,,,,,,
8.18251E+11,,,,,,,
8.73342E+11,,,,,,,
3.28484E+11,,,,,,,
7.82243E+11,,,,,,,
5.9805E+11,,,,,,,
2.94626E+11,,,,,,,
7.7366E+11,,,,,,,
1.52687E+11,,,,,,,
5.11853E+11,,,,,,,
3.09232E+11,,,,,,,
7.98505E+11,,,,,,,
6.61921E+11,,,,,,,
4.4268E+11,,,,,,,
7.71731E+11,,,,,,,
2.21017E+11,,,,,,,
1.20998E+11,,,,,,,
6.05949E+11,,,,,,,
4.28993E+11,,,,,,,
6.42106E+11,,,,,,,
8.85137E+11,,,,,,,
4.16249E+11,,,,,,,
6.48234E+11,,,,,,,
4.62214E+11,,,,,,,
2.56021E+11,,,,,,,
1.22612E+11,,,,,,,
4.26788E+11,,,,,,,
2.70139E+11,,,,,,,
6.78931E+11,,,,,,,
9.78122E+11,,,,,,,
9.37756E+11,,,,,,,
2.64117E+11,,,,,,,
1.45124E+11,,,,,,,
4.69178E+11,,,,,,,
8.80609E+11,,,,,,,
7.58641E+11,,,,,,,
4.37505E+11,,,,,,,
9.61174E+11,,,,,,,
7.11831E+11,,,,,,,
2.28118E+11,,,,,,,
1.86332E+11,,,,,,,
6.84766E+11,,,,,,,
9.02737E+11,,,,,,,
1.62034E+11,,,,,,,
8.58656E+11,,,,,,,
8.44276E+11,,,,,,,
3.33424E+11,,,,,,,
4.92787E+11,,,,,,,
8.32904E+11,,,,,,,
6.23336E+11,,,,,,,
8.13293E+11,,,,,,,
4.73342E+11,,,,,,,
2.95213E+11,,,,,,,
7.69571E+11,,,,,,,
3.63047E+11,,,,,,,
8.52192E+11,,,,,,,
7.45119E+11,,,,,,,
5.03555E+11,,,,,,,
5.67884E+11,,,,,,,
1.49442E+11,,,,,,,
6.80188E+11,,,,,,,
1.28933E+11,,,,,,,
6.99464E+11,,,,,,,
6.87523E+11,,,,,,,
8.25866E+11,,,,,,,
2.87126E+11,,,,,,,
2.89479E+11,,,,,,,
6.86354E+11,,,,,,,
8.6592E+11,,,,,,,
7.07955E+11,,,,,,,
4.13533E+11,,,,,,,
2.94684E+11,,,,,,,
3.26983E+11,,,,,,,
6.84783E+11,,,,,,,
4.51667E+11,,,,,,,
4.87564E+11,,,,,,,
4.4517E+11,,,,,,,
8.67495E+11,,,,,,,
6.55275E+11,,,,,,,
6.04364E+11,,,,,,,
8.07947E+11,,,,,,,
7.50372E+11,,,,,,,
5.84941E+11,,,,,,,
1.74219E+11,,,,,,,
6.63543E+11,,,,,,,
9.18367E+11,,,,,,,
6.59451E+11,,,,,,,
7.31577E+11,,,,,,,
3.86497E+11,,,,,,,
2.55733E+11,,,,,,,
7.69701E+11,,,,,,,
4.80986E+11,,,,,,,
8.54892E+11,,,,,,,
3.7619E+11,,,,,,,
4.39001E+11,,,,,,,
2.58027E+11,,,,,,,
2.99782E+11,,,,,,,
1.25165E+11,,,,,,,
8.99626E+11,,,,,,,
1.27029E+11,,,,,,,
4.26354E+11,,,,,,,
3.26047E+11,,,,,,,
9.51472E+11,,,,,,,
2.51161E+11,,,,,,,
9.79695E+11,,,,,,,
5.86978E+11,,,,,,,
9.60132E+11,,,,,,,
1.99864E+11,,,,,,,
9.06107E+11,,,,,,,
5.43514E+11,,,,,,,
8.21647E+11,,,,,,,
6.76685E+11,,,,,,,
6.44394E+11,,,,,,,
2.22977E+11,,,,,,,
1.53114E+11,,,,,,,
4.27777E+11,,,,,,,
6.87877E+11,,,,,,,
5.70949E+11,,,,,,,
1.17428E+11,,,,,,,
2.91284E+11,,,,,,,
8.46145E+11,,,,,,,
8.34003E+11,,,,,,,
1.51705E+11,,,,,,,
7.8431E+11,,,,,,,
9.8725E+11,,,,,,,
4.82756E+11,,,,,,,
2.4263E+11,,,,,,,
4.85628E+11,,,,,,,
6.17122E+11,,,,,,,
7.27489E+11,,,,,,,
9.53376E+11,,,,,,,
1.9409E+11,,,,,,,
5.70681E+11,,,,,,,
7.50499E+11,,,,,,,
5.57893E+11,,,,,,,
2.76263E+11,,,,,,,
1.12083E+11,,,,,,,
7.21289E+11,,,,,,,
5.61149E+11,,,,,,,
2.34405E+11,,,,,,,
4.81922E+11,,,,,,,
6.83135E+11,,,,,,,
9.67596E+11,,,,,,,
6.31367E+11,,,,,,,
9.60671E+11,,,,,,,
7.69231E+11,,,,,,,
3.54615E+11,,,,,,,
1.36509E+11,,,,,,,
2.80464E+11,,,,,,,
2.51347E+11,,,,,,,
3.10553E+11,,,,,,,
5.52102E+11,,,,,,,
9.21835E+11,,,,,,,
9.22903E+11,,,,,,,
6.49088E+11,,,,,,,
6.32841E+11,,,,,,,
7.06053E+11,,,,,,,
2.00194E+11,,,,,,,
2.24056E+11,,,,,,,
8.06033E+11,,,,,,,
5.85303E+11,,,,,,,
5.59825E+11,,,,,,,
5.47519E+11,,,,,,,
6.02243E+11,,,,,,,
8.24172E+11,,,,,,,
2.52757E+11,,,,,,,
3.66113E+11,,,,,,,
6.65076E+11,,,,,,,
9.33558E+11,,,,,,,
4.04202E+11,,,,,,,
1.87477E+11,,,,,,,
6.12209E+11,,,,,,,
2.37505E+11,,,,,,,
9.2114E+11,,,,,,,
6.67318E+11,,,,,,,
4.37125E+11,,,,,,,
2.77181E+11,,,,,,,
4.47831E+11,,,,,,,
9.48758E+11,,,,,,,
7.57665E+11,,,,,,,
3.18272E+11,,,,,,,
1.37006E+11,,,,,,,
5.56918E+11,,,,,,,
3.17653E+11,,,,,,,
9.95414E+11,,,,,,,
7.19278E+11,,,,,,,
4.13698E+11,,,,,,,
9.74407E+11,,,,,,,
2.60304E+11,,,,,,,
6.15613E+11,,,,,,,
3.76313E+11,,,,,,,
6.41068E+11,,,,,,,
9.13926E+11,,,,,,,
5.56389E+11,,,,,,,
8.23501E+11,,,,,,,
1.97285E+11,,,,,,,
4.67372E+11,,,,,,,
6.89481E+11,,,,,,,
3.37347E+11,,,,,,,
7.88441E+11,,,,,,,
8.78453E+11,,,,,,,
2.97794E+11,,,,,,,
2.49338E+11,,,,,,,
8.16417E+11,,,,,,,
8.77022E+11,,,,,,,
5.9853E+11,,,,,,,
4.83872E+11,,,,,,,
6.11228E+11,,,,,,,
6.61826E+11,,,,,,,
7.1645E+11,,,,,,,
8.33781E+11,,,,,,,
6.40768E+11,,,,,,,
7.84235E+11,,,,,,,
1.8468E+11,,,,,,,
9.06862E+11,,,,,,,
9.55137E+11,,,,,,,
9.06185E+11,,,,,,,
5.27729E+11,,,,,,,
9.51164E+11,,,,,,,
4.44892E+11,,,,,,,
6.64076E+11,,,,,,,
4.86311E+11,,,,,,,
6.02073E+11,,,,,,,
6.44139E+11,,,,,,,
8.6564E+11,,,,,,,
4.91501E+11,,,,,,,
6.0581E+11,,,,,,,
2.59777E+11,,,,,,,
7.72349E+11,,,,,,,
1.23402E+11,,,,,,,
3.46713E+11,,,,,,,
2.10034E+11,,,,,,,
5.15092E+11,,,,,,,
8.59827E+11,,,,,,,
8.74364E+11,,,,,,,
1.90217E+11,,,,,,,
6.34539E+11,,,,,,,
2.88041E+11,,,,,,,
2.30808E+11,,,,,,,
5.62199E+11,,,,,,,
9.31082E+11,,,,,,,
7.65281E+11,,,,,,,
3.59516E+11,,,,,,,
1.33391E+11,,,,,,,
6.90355E+11,,,,,,,
2.87257E+11,,,,,,,
4.43287E+11,,,,,,,
2.05433E+11,,,,,,,
4.18315E+11,,,,,,,
3.47059E+11,,,,,,,
2.11192E+11,,,,,,,
9.41033E+11,,,,,,,
3.65152E+11,,,,,,,
5.20809E+11,,,,,,,
4.80087E+11,,,,,,,
7.15199E+11,,,,,,,
6.61202E+11,,,,,,,
9.16716E+11,,,,,,,
4.31963E+11,,,,,,,
9.95108E+11,,,,,,,
4.60242E+11,,,,,,,
7.08262E+11,,,,,,,
4.29748E+11,,,,,,,
4.81305E+11,,,,,,,
3.68089E+11,,,,,,,
9.57338E+11,,,,,,,
3.57907E+11,,,,,,,
3.36238E+11,,,,,,,
9.1967E+11,,,,,,,
7.82608E+11,,,,,,,
2.16726E+11,,,,,,,
1.96945E+11,,,,,,,
6.05738E+11,,,,,,,
5.41105E+11,,,,,,,
2.74692E+11,,,,,,,
9.35897E+11,,,,,,,
9.97782E+11,,,,,,,
7.01503E+11,,,,,,,
5.58885E+11,,,,,,,
6.73342E+11,,,,,,,
1.31472E+11,,,,,,,
4.5583E+11,,,,,,,
3.36063E+11,,,,,,,
4.59401E+11,,,,,,,
7.71222E+11,,,,,,,
3.81022E+11,,,,,,,
1.88345E+11,,,,,,,
9.17283E+11,,,,,,,
2.09912E+11,,,,,,,
4.59759E+11,,,,,,,
5.39263E+11,,,,,,,
9.48197E+11,,,,,,,
5.79643E+11,,,,,,,
6.44618E+11,,,,,,,
3.98156E+11,,,,,,,
2.61708E+11,,,,,,,
3.14592E+11,,,,,,,
1.07775E+11,,,,,,,
4.89163E+11,,,,,,,
9.71792E+11,,,,,,,
3.77919E+11,,,,,,,
4.07351E+11,,,,,,,
1.86547E+11,,,,,,,
5.89735E+11,,,,,,,
5.08562E+11,,,,,,,
1.10494E+11,,,,,,,
5.14601E+11,,,,,,,
9.4342E+11,,,,,,,
9.63537E+11,,,,,,,
9.81359E+11,,,,,,,
6.3851E+11,,,,,,,
5.67313E+11,,,,,,,
6.75645E+11,,,,,,,
1.19337E+11,,,,,,,
2.08799E+11,,,,,,,
5.02642E+11,,,,,,,
2.39826E+11,,,,,,,
3.47822E+11,,,,,,,
4.51958E+11,,,,,,,
4.77222E+11,,,,,,,
5.59021E+11,,,,,,,
7.50128E+11,,,,,,,
7.02965E+11,,,,,,,
7.54673E+11,,,,,,,
9.23541E+11,,,,,,,
6.75392E+11,,,,,,,
8.34461E+11,,,,,,,
2.82631E+11,,,,,,,
6.08573E+11,,,,,,,
6.9296E+11,,,,,,,
4.55517E+11,,,,,,,
3.02908E+11,,,,,,,
2.44715E+11,,,,,,,
5.86035E+11,,,,,,,
7.89509E+11,,,,,,,
1.69034E+11,,,,,,,
1.558E+11,,,,,,,
3.70026E+11,,,,,,,
3.62067E+11,,,,,,,
2.19545E+11,,,,,,,
9.07463E+11,,,,,,,
6.36055E+11,,,,,,,
9.51838E+11,,,,,,,
2.13351E+11,,,,,,,
4.62741E+11,,,,,,,
4.53172E+11,,,,,,,
7.01964E+11,,,,,,,
4.19448E+11,,,,,,,
4.41315E+11,,,,,,,
3.11104E+11,,,,,,,
1.3363E+11,,,,,,,
9.06834E+11,,,,,,,
7.57494E+11,,,,,,,
8.20117E+11,,,,,,,
4.46471E+11,,,,,,,
7.56869E+11,,,,,,,
3.10034E+11,,,,,,,
4.28992E+11,,,,,,,
5.88476E+11,,,,,,,
9.52448E+11,,,,,,,
3.66139E+11,,,,,,,
7.61021E+11,,,,,,,
3.5726E+11,,,,,,,
8.74923E+11,,,,,,,
2.29778E+11,,,,,,,
6.69307E+11,,,,,,,
7.50357E+11,,,,,,,
6.44214E+11,,,,,,,
4.77821E+11,,,,,,,
6.19681E+11,,,,,,,
4.32917E+11,,,,,,,
9.87657E+11,,,,,,,
7.85357E+11,,,,,,,
3.00081E+11,,,,,,,
9.83543E+11,,,,,,,
2.17344E+11,,,,,,,
4.96889E+11,,,,,,,
6.12646E+11,,,,,,,
9.99723E+11,,,,,,,
4.24872E+11,,,,,,,
4.79336E+11,,,,,,,
9.03748E+11,,,,,,,
7.80232E+11,,,,,,,
7.56314E+11,,,,,,,
2.09813E+11,,,,,,,
1.9875E+11,,,,,,,
8.76869E+11,,,,,,,
8.98453E+11,,,,,,,
7.18437E+11,,,,,,,
2.42745E+11,,,,,,,
9.8644E+11,,,,,,,
7.61976E+11,,,,,,,
5.42958E+11,,,,,,,
8.58552E+11,,,,,,,
3.35592E+11,,,,,,,
9.06773E+11,,,,,,,
2.06113E+11,,,,,,,
1.98023E+11,,,,,,,
1.96551E+11,,,,,,,
6.02537E+11,,,,,,,
2.21945E+11,,,,,,,
7.45568E+11,,,,,,,
7.42699E+11,,,,,,,
6.91375E+11,,,,,,,
4.59963E+11,,,,,,,
3.68522E+11,,,,,,,
4.07524E+11,,,,,,,
7.46302E+11,,,,,,,
3.71214E+11,,,,,,,
6.06228E+11,,,,,,,
6.88302E+11,,,,,,,
8.19778E+11,,,,,,,
3.99225E+11,,,,,,,
9.78556E+11,,,,,,,
6.88076E+11,,,,,,,
6.75459E+11,,,,,,,
9.08361E+11,,,,,,,
6.15334E+11,,,,,,,
4.41779E+11,,,,,,,
6.44682E+11,,,,,,,
8.86408E+11,,,,,,,
4.39375E+11,,,,,,,
6.7833E+11,,,,,,,
5.89971E+11,,,,,,,
7.54915E+11,,,,,,,
3.91486E+11,,,,,,,
6.70056E+11,,,,,,,
5.27477E+11,,,,,,,
7.50334E+11,,,,,,,
1.07981E+11,,,,,,,
8.91366E+11,,,,,,,
5.20924E+11,,,,,,,
5.70503E+11,,,,,,,
1.70615E+11,,,,,,,
8.2514E+11,,,,,,,
8.87237E+11,,,,,,,
5.74187E+11,,,,,,,
4.39689E+11,,,,,,,
9.45785E+11,,,,,,,
5.59431E+11,,,,,,,
8.24926E+11,,,,,,,
3.21548E+11,,,,,,,
2.15348E+11,,,,,,,
2.98436E+11,,,,,,,
8.27699E+11,,,,,,,
4.75137E+11,,,,,,,
8.40428E+11,,,,,,,
1.12244E+11,,,,,,,
4.90196E+11,,,,,,,
3.95107E+11,,,,,,,
9.8223E+11,,,,,,,
5.05416E+11,,,,,,,
3.80207E+11,,,,,,,
3.59911E+11,,,,,,,
7.57945E+11,,,,,,,
2.78245E+11,,,,,,,
8.8015E+11,,,,,,,
8.87662E+11,,,,,,,
6.84215E+11,,,,,,,
4.11477E+11,,,,,,,
4.37669E+11,,,,,,,
4.69142E+11,,,,,,,
3.92659E+11,,,,,,,
9.39154E+11,,,,,,,
6.64541E+11,,,,,,,
7.67312E+11,,,,,,,
6.44619E+11,,,,,,,
3.16013E+11,,,,,,,
2.25644E+11,,,,,,,
5.16477E+11,,,,,,,
1.07187E+11,,,,,,,
6.5326E+11,,,,,,,
8.11009E+11,,,,,,,
5.35024E+11,,,,,,,
9.39845E+11,,,,,,,
7.66694E+11,,,,,,,
3.43439E+11,,,,,,,
9.42224E+11,,,,,,,
2.31115E+11,,,,,,,
6.52358E+11,,,,,,,
5.98091E+11,,,,,,,
7.04434E+11,,,,,,,
9.46457E+11,,,,,,,
8.17131E+11,,,,,,,
2.40807E+11,,,,,,,
3.36307E+11,,,,,,,
7.92712E+11,,,,,,,
5.8655E+11,,,,,,,
7.74165E+11,,,,,,,
6.18744E+11,,,,,,,
3.69237E+11,,,,,,,
5.71241E+11,,,,,,,
5.58106E+11,,,,,,,
5.91318E+11,,,,,,,
2.90583E+11,,,,,,,
1.51991E+11,,,,,,,
3.33117E+11,,,,,,,
1.6829E+11,,,,,,,
9.40207E+11,,,,,,,
2.27185E+11,,,,,,,
4.45119E+11,,,,,,,
3.60505E+11,,,,,,,
4.65092E+11,,,,,,,
3.50852E+11,,,,,,,
1.9231E+11,,,,,,,
7.55428E+11,,,,,,,
1.46995E+11,,,,,,,
4.75465E+11,,,,,,,
3.43669E+11,,,,,,,
2.31765E+11,,,,,,,
2.20343E+11,,,,,,,
4.73931E+11,,,,,,,
8.31099E+11,,,,,,,
7.58762E+11,,,,,,,
9.12187E+11,,,,,,,
2.24296E+11,,,,,,,
9.28491E+11,,,,,,,
7.65873E+11,,,,,,,
9.62412E+11,,,,,,,
1.78401E+11,,,,,,,
8.24686E+11,,,,,,,
4.01118E+11,,,,,,,
3.42338E+11,,,,,,,
8.88536E+11,,,,,,,
8.58643E+11,,,,,,,
5.27718E+11,,,,,,,
7.68694E+11,,,,,,,
4.35422E+11,,,,,,,
4.52581E+11,,,,,,,
3.14842E+11,,,,,,,
8.36509E+11,,,,,,,
8.32218E+11,,,,,,,
3.36188E+11,,,,,,,
1.15312E+11,,,,,,,
5.70085E+11,,,,,,,
2.93129E+11,,,,,,,
3.48316E+11,,,,,,,
2.20072E+11,,,,,,,
6.02258E+11,,,,,,,
9.0548E+11,,,,,,,
3.60974E+11,,,,,,,
8.18064E+11,,,,,,,
4.52788E+11,,,,,,,
4.78015E+11,,,,,,,
1.38468E+11,,,,,,,
3.82222E+11,,,,,,,
9.73096E+11,,,,,,,
6.38039E+11,,,,,,,
5.34054E+11,,,,,,,
1.04206E+11,,,,,,,
1.29932E+11,,,,,,,
8.12458E+11,,,,,,,
8.31317E+11,,,,,,,
5.76051E+11,,,,,,,
8.81066E+11,,,,,,,
6.31475E+11,,,,,,,
7.71311E+11,,,,,,,
4.39013E+11,,,,,,,
2.45791E+11,,,,,,,
1.86217E+11,,,,,,,
4.12797E+11,,,,,,,
5.4419E+11,,,,,,,
2.51583E+11,,,,,,,
2.32118E+11,,,,,,,
3.15429E+11,,,,,,,
2.23651E+11,,,,,,,
9.75492E+11,,,,,,,
6.8325E+11,,,,,,,
2.91887E+11,,,,,,,
3.50253E+11,,,,,,,
2.42806E+11,,,,,,,
9.46584E+11,,,,,,,
7.74868E+11,,,,,,,
7.09624E+11,,,,,,,
9.93412E+11,,,,,,,
3.40826E+11,,,,,,,
2.7354E+11,,,,,,,
3.54999E+11,,,,,,,
9.03803E+11,,,,,,,
8.48991E+11,,,,,,,
3.05746E+11,,,,,,,
4.06815E+11,,,,,,,
8.21511E+11,,,,,,,
4.18983E+11,,,,,,,
9.26264E+11,,,,,,,
6.76552E+11,,,,,,,
3.55519E+11,,,,,,,
4.49798E+11,,,,,,,
7.22347E+11,,,,,,,
7.51372E+11,,,,,,,
7.30948E+11,,,,,,,
3.56635E+11,,,,,,,
8.36758E+11,,,,,,,
8.49402E+11,,,,,,,
6.79484E+11,,,,,,,
1.14766E+11,,,,,,,
4.05767E+11,,,,,,,
7.00396E+11,,,,,,,
6.48218E+11,,,,,,,
4.23763E+11,,,,,,,
7.9011E+11,,,,,,,
2.6232E+11,,,,,,,
7.34768E+11,,,,,,,
5.01487E+11,,,,,,,
2.90335E+11,,,,,,,
5.93203E+11,,,,,,,
9.01625E+11,,,,,,,
4.2937E+11,,,,,,,
6.59869E+11,,,,,,,
5.84101E+11,,,,,,,
2.65729E+11,,,,,,,
1.30949E+11,,,,,,,
9.83546E+11,,,,,,,
9.7763E+11,,,,,,,
4.76464E+11,,,,,,,
2.88251E+11,,,,,,,
7.47083E+11,,,,,,,
4.2752E+11,,,,,,,
6.76379E+11,,,,,,,
1.24386E+11,,,,,,,
4.35131E+11,,,,,,,
1.41554E+11,,,,,,,
3.84705E+11,,,,,,,
8.39363E+11,,,,,,,
4.93718E+11,,,,,,,
6.40292E+11,,,,,,,
3.48408E+11,,,,,,,
5.3072E+11,,,,,,,
2.93908E+11,,,,,,,
6.90206E+11,,,,,,,
1.05315E+11,,,,,,,
7.90027E+11,,,,,,,
8.52091E+11,,,,,,,
4.92062E+11,,,,,,,
7.15432E+11,,,,,,,
8.24568E+11,,,,,,,
8.84227E+11,,,,,,,
2.38396E+11,,,,,,,
3.32478E+11,,,,,,,
5.46808E+11,,,,,,,
3.27465E+11,,,,,,,
7.93785E+11,,,,,,,
4.89992E+11,,,,,,,
7.70915E+11,,,,,,,
3.09257E+11,,,,,,,
2.00562E+11,,,,,,,
5.52607E+11,,,,,,,
6.26777E+11,,,,,,,
8.92498E+11,,,,,,,
1.56509E+11,,,,,,,
8.8569E+11,,,,,,,
9.56539E+11,,,,,,,
3.82005E+11,,,,,,,
9.6981E+11,,,,,,,
1.55043E+11,,,,,,,
3.91292E+11,,,,,,,
4.2716E+11,,,,,,,
6.3958E+11,,,,,,,
5.24669E+11,,,,,,,
5.50024E+11,,,,,,,
4.39585E+11,,,,,,,
6.03385E+11,,,,,,,
6.10724E+11,,,,,,,
2.34251E+11,,,,,,,
3.38766E+11,,,,,,,
2.7147E+11,,,,,,,
2.73822E+11,,,,,,,
3.3277E+11,,,,,,,
4.93138E+11,,,,,,,
2.28844E+11,,,,,,,
7.29693E+11,,,,,,,
8.95337E+11,,,,,,,
9.70927E+11,,,,,,,
3.1869E+11,,,,,,,
8.49009E+11,,,,,,,
9.86219E+11,,,,,,,
4.58346E+11,,,,,,,
4.53084E+11,,,,,,,
4.51944E+11,,,,,,,
9.74704E+11,,,,,,,
2.44366E+11,,,,,,,
5.04714E+11,,,,,,,
8.73476E+11,,,,,,,
5.62638E+11,,,,,,,
8.34845E+11,,,,,,,
4.98173E+11,,,,,,,
2.96541E+11,,,,,,,
6.21426E+11,,,,,,,
6.92215E+11,,,,,,,
6.09178E+11,,,,,,,
1.67725E+11,,,,,,,
4.36881E+11,,,,,,,
9.69127E+11,,,,,,,
7.93729E+11,,,,,,,
2.15714E+11,,,,,,,
1.31362E+11,,,,,,,
1.8529E+11,,,,,,,
1.63045E+11,,,,,,,
7.499E+11,,,,,,,
5.85394E+11,,,,,,,
9.61407E+11,,,,,,,
5.93354E+11,,,,,,,
5.23604E+11,,,,,,,
1.64406E+11,,,,,,,
6.31657E+11,,,,,,,
8.16428E+11,,,,,,,
3.93956E+11,,,,,,,
5.03328E+11,,,,,,,
6.87597E+11,,,,,,,
5.80888E+11,,,,,,,
5.13708E+11,,,,,,,
4.05524E+11,,,,,,,
2.74015E+11,,,,,,,
2.77652E+11,,,,,,,
6.30166E+11,,,,,,,
9.10735E+11,,,,,,,
3.91625E+11,,,,,,,
2.69526E+11,,,,,,,
2.72E+11,,,,,,,
6.68549E+11,,,,,,,
4.70235E+11,,,,,,,
2.65884E+11,,,,,,,
8.79133E+11,,,,,,,
4.60724E+11,,,,,,,
1.95109E+11,,,,,,,
9.74111E+11,,,,,,,
4.14667E+11,,,,,,,
7.95583E+11,,,,,,,
9.41141E+11,,,,,,,
3.00336E+11,,,,,,,
4.29892E+11,,,,,,,
3.41398E+11,,,,,,,
7.12613E+11,,,,,,,
3.9802E+11,,,,,,,
1.60715E+11,,,,,,,
6.16081E+11,,,,,,,
9.81986E+11,,,,,,,
5.43658E+11,,,,,,,
6.87019E+11,,,,,,,
1.19331E+11,,,,,,,
3.53928E+11,,,,,,,
2.83108E+11,,,,,,,
8.21989E+11,,,,,,,
8.15715E+11,,,,,,,
2.12122E+11,,,,,,,
6.59001E+11,,,,,,,
6.05314E+11,,,,,,,
6.28662E+11,,,,,,,
9.94972E+11,,,,,,,
4.2781E+11,,,,,,,
7.57275E+11,,,,,,,
3.49948E+11,,,,,,,
2.078E+11,,,,,,,
3.1722E+11,,,,,,,
2.14921E+11,,,,,,,
8.81274E+11,,,,,,,
8.10498E+11,,,,,,,
9.92934E+11,,,,,,,
2.06901E+11,,,,,,,
7.46864E+11,,,,,,,
2.77145E+11,,,,,,,
3.90732E+11,,,,,,,
2.36517E+11,,,,,,,
2.05864E+11,,,,,,,
6.81787E+11,,,,,,,
7.63944E+11,,,,,,,
6.53737E+11,,,,,,,
7.88243E+11,,,,,,,
2.43288E+11,,,,,,,
3.02837E+11,,,,,,,
6.12396E+11,,,,,,,
6.21051E+11,,,,,,,
2.32981E+11,,,,,,,
5.32248E+11,,,,,,,
3.12862E+11,,,,,,,
4.37674E+11,,,,,,,
1.54542E+11,,,,,,,
5.26763E+11,,,,,,,
9.85012E+11,,,,,,,
5.945E+11,,,,,,,
8.43304E+11,,,,,,,
1.07995E+11,,,,,,,
3.24089E+11,,,,,,,
1.22339E+11,,,,,,,
8.00181E+11,,,,,,,
7.38473E+11,,,,,,,
5.78947E+11,,,,,,,
1.7608E+11,,,,,,,
9.16182E+11,,,,,,,
8.19855E+11,,,,,,,
7.83382E+11,,,,,,,
6.68085E+11,,,,,,,
5.32822E+11,,,,,,,
7.28587E+11,,,,,,,
8.96082E+11,,,,,,,
9.07594E+11,,,,,,,
7.51458E+11,,,,,,,
8.32341E+11,,,,,,,
1.67887E+11,,,,,,,
9.08359E+11,,,,,,,
3.12302E+11,,,,,,,
9.99188E+11,,,,,,,
3.29965E+11,,,,,,,
6.18508E+11,,,,,,,
9.58631E+11,,,,,,,
3.26362E+11,,,,,,,
7.63251E+11,,,,,,,
2.08206E+11,,,,,,,
9.71419E+11,,,,,,,
1.12886E+11,,,,,,,
1.06034E+11,,,,,,,
4.9694E+11,,,,,,,
8.78974E+11,,,,,,,
5.02596E+11,,,,,,,
7.80857E+11,,,,,,,
2.07012E+11,,,,,,,
7.71804E+11,,,,,,,
7.74834E+11,,,,,,,
2.99825E+11,,,,,,,
8.77175E+11,,,,,,,
2.00992E+11,,,,,,,
8.61199E+11,,,,,,,
7.90989E+11,,,,,,,
6.3777E+11,,,,,,,
7.84738E+11,,,,,,,
7.91169E+11,,,,,,,
4.64326E+11,,,,,,,
7.29278E+11,,,,,,,
2.44672E+11,,,,,,,
9.61954E+11,,,,,,,
3.83903E+11,,,,,,,
9.79595E+11,,,,,,,
5.26975E+11,,,,,,,
6.21592E+11,,,,,,,
1.01731E+11,,,,,,,
2.51566E+11,,,,,,,
4.1845E+11,,,,,,,
8.58108E+11,,,,,,,
4.16199E+11,,,,,,,
7.46883E+11,,,,,,,
1.72988E+11,,,,,,,
3.40189E+11,,,,,,,
7.19222E+11,,,,,,,
1.9877E+11,,,,,,,
1.0599E+11,,,,,,,
1.6663E+11,,,,,,,
5.18822E+11,,,,,,,
1.77305E+11,,,,,,,
4.5609E+11,,,,,,,
8.02416E+11,,,,,,,
7.19517E+11,,,,,,,
9.48286E+11,,,,,,,
7.39302E+11,,,,,,,
2.98734E+11,,,,,,,
2.00845E+11,,,,,,,
6.41257E+11,,,,,,,
2.18316E+11,,,,,,,
7.69334E+11,,,,,,,
1.68432E+11,,,,,,,
3.23886E+11,,,,,,,
6.26333E+11,,,,,,,
4.59231E+11,,,,,,,
9.68173E+11,,,,,,,
8.73736E+11,,,,,,,
4.13296E+11,,,,,,,
8.41481E+11,,,,,,,
8.46183E+11,,,,,,,
4.02327E+11,,,,,,,
2.79626E+11,,,,,,,
2.31464E+11,,,,,,,
2.3483E+11,,,,,,,
7.7794E+11,,,,,,,
1.65321E+11,,,,,,,
3.97643E+11,,,,,,,
7.4183E+11,,,,,,,
6.6147E+11,,,,,,,
7.5749E+11,,,,,,,
3.12148E+11,,,,,,,
5.01851E+11,,,,,,,
5.79662E+11,,,,,,,
6.26261E+11,,,,,,,
5.8281E+11,,,,,,,
1.98801E+11,,,,,,,
8.68803E+11,,,,,,,
5.87926E+11,,,,,,,
8.09566E+11,,,,,,,
6.91025E+11,,,,,,,
3.38469E+11,,,,,,,
7.35929E+11,,,,,,,
5.13047E+11,,,,,,,
5.97766E+11,,,,,,,
6.2758E+11,,,,,,,
3.13549E+11,,,,,,,
6.03466E+11,,,,,,,
7.04623E+11,,,,,,,
9.09343E+11,,,,,,,
4.27453E+11,,,,,,,
9.10745E+11,,,,,,,
4.32488E+11,,,,,,,
6.18963E+11,,,,,,,
2.17762E+11,,,,,,,
8.64908E+11,,,,,,,
8.92934E+11,,,,,,,
8.17024E+11,,,,,,,
6.94318E+11,,,,,,,
2.95877E+11,,,,,,,
1.3206E+11,,,,,,,
5.94896E+11,,,,,,,
4.41933E+11,,,,,,,
7.92513E+11,,,,,,,
6.28983E+11,,,,,,,
7.78952E+11,,,,,,,
8.43783E+11,,,,,,,
1.41361E+11,,,,,,,
2.65344E+11,,,,,,,
8.54145E+11,,,,,,,
3.45009E+11,,,,,,,
1.14871E+11,,,,,,,
5.15312E+11,,,,,,,
4.60091E+11,,,,,,,
5.6041E+11,,,,,,,
5.94374E+11,,,,,,,
9.91607E+11,,,,,,,
1.26987E+11,,,,,,,
4.06623E+11,,,,,,,
1.52328E+11,,,,,,,
4.0457E+11,,,,,,,
2.07691E+11,,,,,,,
7.86439E+11,,,,,,,
2.37391E+11,,,,,,,
5.24421E+11,,,,,,,
7.06065E+11,,,,,,,
6.65485E+11,,,,,,,
6.84714E+11,,,,,,,
9.59009E+11,,,,,,,
8.69698E+11,,,,,,,
9.09798E+11,,,,,,,
3.30112E+11,,,,,,,
4.19553E+11,,,,,,,
4.41089E+11,,,,,,,
7.80296E+11,,,,,,,
3.99703E+11,,,,,,,
7.13553E+11,,,,,,,
8.8851E+11,,,,,,,
2.61068E+11,,,,,,,
3.24141E+11,,,,,,,
7.22053E+11,,,,,,,
4.81623E+11,,,,,,,
5.63143E+11,,,,,,,
8.87268E+11,,,,,,,
6.06553E+11,,,,,,,
2.30257E+11,,,,,,,
6.82793E+11,,,,,,,
4.61589E+11,,,,,,,
9.35702E+11,,,,,,,
6.29005E+11,,,,,,,
7.42699E+11,,,,,,,
9.89881E+11,,,,,,,
3.0694E+11,,,,,,,
2.82413E+11,,,,,,,
5.87502E+11,,,,,,,
1.32481E+11,,,,,,,
5.98009E+11,,,,,,,
5.977E+11,,,,,,,
6.23043E+11,,,,,,,
2.93798E+11,,,,,,,
8.2783E+11,,,,,,,
6.8015E+11,,,,,,,
3.36279E+11,,,,,,,
1.23732E+11,,,,,,,
6.75762E+11,,,,,,,
5.21733E+11,,,,,,,
3.96507E+11,,,,,,,
9.9198E+11,,,,,,,
2.07364E+11,,,,,,,
8.78985E+11,,,,,,,
1.08884E+11,,,,,,,
9.82728E+11,,,,,,,
8.03418E+11,,,,,,,
6.89723E+11,,,,,,,
2.028E+11,,,,,,,
8.98398E+11,,,,,,,
9.94688E+11,,,,,,,
3.05986E+11,,,,,,,
9.04591E+11,,,,,,,
5.61663E+11,,,,,,,
1.09176E+11,,,,,,,
3.68479E+11,,,,,,,
9.26405E+11,,,,,,,
7.77507E+11,,,,,,,
1.26389E+11,,,,,,,
8.14934E+11,,,,,,,
1.1602E+11,,,,,,,
3.42037E+11,,,,,,,
6.56477E+11,,,,,,,
9.71889E+11,,,,,,,
8.68458E+11,,,,,,,
8.70832E+11,,,,,,,
3.45979E+11,,,,,,,
4.307E+11,,,,,,,
4.11807E+11,,,,,,,
1.21171E+11,,,,,,,
1.38482E+11,,,,,,,
7.38986E+11,,,,,,,
2.52528E+11,,,,,,,
6.21239E+11,,,,,,,
9.02886E+11,,,,,,,
5.84511E+11,,,,,,,
2.4114E+11,,,,,,,
8.39207E+11,,,,,,,
4.85069E+11,,,,,,,
7.48555E+11,,,,,,,
9.77752E+11,,,,,,,
3.15962E+11,,,,,,,
5.32857E+11,,,,,,,
9.79212E+11,,,,,,,
8.87498E+11,,,,,,,
2.24197E+11,,,,,,,
5.61107E+11,,,,,,,
7.68009E+11,,,,,,,
1.02651E+11,,,,,,,
2.11058E+11,,,,,,,
3.6616E+11,,,,,,,
2.65926E+11,,,,,,,
2.91362E+11,,,,,,,
2.76747E+11,,,,,,,
7.04218E+11,,,,,,,
1.40878E+11,,,,,,,
5.89589E+11,,,,,,,
8.43447E+11,,,,,,,
9.00781E+11,,,,,,,
8.20746E+11,,,,,,,
1.04895E+11,,,,,,,
4.03219E+11,,,,,,,
8.60235E+11,,,,,,,
9.70671E+11,,,,,,,
3.31252E+11,,,,,,,
9.39926E+11,,,,,,,
9.25946E+11,,,,,,,
8.44284E+11,,,,,,,
7.09415E+11,,,,,,,
8.0786E+11,,,,,,,
6.5871E+11,,,,,,,
5.85334E+11,,,,,,,
9.20726E+11,,,,,,,
8.30394E+11,,,,,,,
6.44326E+11,,,,,,,
1.8454E+11,,,,,,,
4.25819E+11,,,,,,,
8.10222E+11,,,,,,,
8.85998E+11,,,,,,,
1.28336E+11,,,,,,,
4.31324E+11,,,,,,,
1.60524E+11,,,,,,,
4.63408E+11,,,,,,,
8.27465E+11,,,,,,,
5.27665E+11,,,,,,,
2.21364E+11,,,,,,,
9.44878E+11,,,,,,,
2.18797E+11,,,,,,,
3.44205E+11,,,,,,,
1.20587E+11,,,,,,,
7.41952E+11,,,,,,,
5.1917E+11,,,,,,,
1.66093E+11,,,,,,,
7.87636E+11,,,,,,,
9.50486E+11,,,,,,,
2.68475E+11,,,,,,,
3.56119E+11,,,,,,,
8.92948E+11,,,,,,,
9.58137E+11,,,,,,,
7.93631E+11,,,,,,,
4.9556E+11,,,,,,,
5.68377E+11,,,,,,,
6.69481E+11,,,,,,,
2.25114E+11,,,,,,,
2.8422E+11,,,,,,,
2.79467E+11,,,,,,,
7.65111E+11,,,,,,,
3.88095E+11,,,,,,,
9.18804E+11,,,,,,,
3.19167E+11,,,,,,,
3.95999E+11,,,,,,,
7.16739E+11,,,,,,,
5.65347E+11,,,,,,,
4.60304E+11,,,,,,,
5.05049E+11,,,,,,,
1.68143E+11,,,,,,,
6.53444E+11,,,,,,,
5.47482E+11,,,,,,,
1.5453E+11,,,,,,,
2.33547E+11,,,,,,,
9.187E+11,,,,,,,
9.60152E+11,,,,,,,
5.21125E+11,,,,,,,
1.25555E+11,,,,,,,
6.84081E+11,,,,,,,
2.46971E+11,,,,,,,
3.88615E+11,,,,,,,
5.25171E+11,,,,,,,
5.10695E+11,,,,,,,
3.02269E+11,,,,,,,
6.88242E+11,,,,,,,
8.95053E+11,,,,,,,
6.04305E+11,,,,,,,
6.9508E+11,,,,,,,
5.85101E+11,,,,,,,
6.6803E+11,,,,,,,
7.14325E+11,,,,,,,
4.24335E+11,,,,,,,
3.08036E+11,,,,,,,
9.25452E+11,,,,,,,
6.48611E+11,,,,,,,
5.85431E+11,,,,,,,
6.91194E+11,,,,,,,
5.59183E+11,,,,,,,
4.652E+11,,,,,,,
7.26285E+11,,,,,,,
9.91449E+11,,,,,,,
3.52498E+11,,,,,,,
7.22447E+11,,,,,,,
8.47516E+11,,,,,,,
4.52414E+11,,,,,,,
6.06135E+11,,,,,,,
7.45561E+11,,,,,,,
9.65694E+11,,,,,,,
4.88704E+11,,,,,,,
7.53403E+11,,,,,,,
8.8087E+11,,,,,,,
6.91991E+11,,,,,,,
1.58796E+11,,,,,,,
5.93672E+11,,,,,,,
3.78636E+11,,,,,,,
1.3227E+11,,,,,,,
3.70907E+11,,,,,,,
6.22198E+11,,,,,,,
8.64882E+11,,,,,,,
4.50351E+11,,,,,,,
7.04288E+11,,,,,,,
9.58254E+11,,,,,,,
8.54227E+11,,,,,,,
3.92021E+11,,,,,,,
4.08377E+11,,,,,,,
2.03273E+11,,,,,,,
7.08687E+11,,,,,,,
5.94307E+11,,,,,,,
6.51033E+11,,,,,,,
6.44539E+11,,,,,,,
3.25633E+11,,,,,,,
4.45046E+11,,,,,,,
4.89583E+11,,,,,,,
7.35622E+11,,,,,,,
6.83872E+11,,,,,,,
2.13698E+11,,,,,,,
2.98319E+11,,,,,,,
8.19467E+11,,,,,,,
8.43099E+11,,,,,,,
6.82259E+11,,,,,,,
1.04526E+11,,,,,,,
5.66775E+11,,,,,,,
1.35788E+11,,,,,,,
2.87974E+11,,,,,,,
6.93986E+11,,,,,,,
1.0007E+11,,,,,,,
4.66107E+11,,,,,,,
2.86748E+11,,,,,,,
9.77812E+11,,,,,,,
4.69971E+11,,,,,,,
2.85273E+11,,,,,,,
4.94955E+11,,,,,,,
6.38609E+11,,,,,,,
2.57969E+11,,,,,,,
3.32281E+11,,,,,,,
2.22317E+11,,,,,,,
4.10524E+11,,,,,,,
2.96267E+11,,,,,,,
1.96232E+11,,,,,,,
4.41962E+11,,,,,,,
3.58769E+11,,,,,,,
2.8945E+11,,,,,,,
6.82043E+11,,,,,,,
2.76241E+11,,,,,,,
6.56686E+11,,,,,,,
7.29395E+11,,,,,,,
4.72597E+11,,,,,,,
4.48686E+11,,,,,,,
2.1163E+11,,,,,,,
5.45264E+11,,,,,,,
5.27977E+11,,,,,,,
7.07395E+11,,,,,,,
2.88456E+11,,,,,,,
5.7935E+11,,,,,,,
9.4386E+11,,,,,,,
8.8197E+11,,,,,,,
3.07729E+11,,,,,,,
3.57473E+11,,,,,,,
1.26013E+11,,,,,,,
2.54452E+11,,,,,,,
2.06746E+11,,,,,,,
8.91657E+11,,,,,,,
5.30608E+11,,,,,,,
2.90071E+11,,,,,,,
9.10021E+11,,,,,,,
1.12543E+11,,,,,,,
4.3821E+11,,,,,,,
2.40343E+11,,,,,,,
8.80548E+11,,,,,,,
7.44379E+11,,,,,,,
1.7572E+11,,,,,,,
4.69923E+11,,,,,,,
6.72533E+11,,,,,,,
6.29432E+11,,,,,,,
4.00898E+11,,,,,,,
1.15147E+11,,,,,,,
6.70845E+11,,,,,,,
8.66177E+11,,,,,,,
2.42805E+11,,,,,,,
8.98886E+11,,,,,,,
4.56375E+11,,,,,,,
3.08573E+11,,,,,,,
1.51145E+11,,,,,,,
2.81581E+11,,,,,,,
2.36869E+11,,,,,,,
1.06486E+11,,,,,,,
6.22485E+11,,,,,,,
7.26551E+11,,,,,,,
4.67247E+11,,,,,,,
6.20106E+11,,,,,,,
1.3989E+11,,,,,,,
4.6546E+11,,,,,,,
2.89388E+11,,,,,,,
9.32713E+11,,,,,,,
5.86398E+11,,,,,,,
6.76858E+11,,,,,,,
2.59605E+11,,,,,,,
4.29943E+11,,,,,,,
6.86985E+11,,,,,,,
6.02432E+11,,,,,,,
2.8968E+11,,,,,,,
4.48784E+11,,,,,,,
8.93971E+11,,,,,,,
7.39889E+11,,,,,,,
4.37849E+11,,,,,,,
3.12432E+11,,,,,,,
5.40125E+11,,,,,,,
6.19448E+11,,,,,,,
5.45359E+11,,,,,,,
4.83651E+11,,,,,,,
6.82556E+11,,,,,,,
2.75231E+11,,,,,,,
4.34039E+11,,,,,,,
7.6494E+11,,,,,,,
9.18759E+11,,,,,,,
8.12405E+11,,,,,,,
8.69572E+11,,,,,,,
2.71135E+11,,,,,,,
1.60551E+11,,,,,,,
3.11274E+11,,,,,,,
3.67627E+11,,,,,,,
6.97292E+11,,,,,,,
6.99607E+11,,,,,,,
9.09428E+11,,,,,,,
3.94582E+11,,,,,,,
3.78956E+11,,,,,,,
3.56322E+11,,,,,,,
5.8309E+11,,,,,,,
6.80989E+11,,,,,,,
1.66769E+11,,,,,,,
2.92522E+11,,,,,,,
3.18089E+11,,,,,,,
1.26552E+11,,,,,,,
7.65781E+11,,,,,,,
4.25202E+11,,,,,,,
9.41948E+11,,,,,,,
8.23791E+11,,,,,,,
5.14344E+11,,,,,,,
8.07455E+11,,,,,,,
1.67742E+11,,,,,,,
3.89492E+11,,,,,,,
6.49974E+11,,,,,,,
6.12626E+11,,,,,,,
6.53259E+11,,,,,,,
5.57415E+11,,,,,,,
9.10948E+11,,,,,,,
9.48051E+11,,,,,,,
6.63728E+11,,,,,,,
4.3397E+11,,,,,,,
2.85302E+11,,,,,,,
2.46752E+11,,,,,,,
2.74932E+11,,,,,,,
3.70011E+11,,,,,,,
2.6338E+11,,,,,,,
7.17938E+11,,,,,,,
3.63737E+11,,,,,,,
3.53444E+11,,,,,,,
7.1708E+11,,,,,,,
9.94634E+11,,,,,,,
7.57569E+11,,,,,,,
6.93387E+11,,,,,,,
9.28048E+11,,,,,,,
3.84601E+11,,,,,,,
2.09396E+11,,,,,,,
8.95431E+11,,,,,,,
1.11377E+11,,,,,,,
3.35446E+11,,,,,,,
7.2911E+11,,,,,,,
4.99091E+11,,,,,,,
5.8663E+11,,,,,,,
9.93829E+11,,,,,,,
3.33407E+11,,,,,,,
7.47907E+11,,,,,,,
4.54213E+11,,,,,,,
7.16464E+11,,,,,,,
8.91241E+11,,,,,,,
1.08103E+11,,,,,,,
7.31005E+11,,,,,,,
3.14711E+11,,,,,,,
2.24744E+11,,,,,,,
1.72015E+11,,,,,,,
7.51642E+11,,,,,,,
7.94292E+11,,,,,,,
2.90145E+11,,,,,,,
2.76682E+11,,,,,,,
4.97685E+11,,,,,,,
4.60138E+11,,,,,,,
8.36312E+11,,,,,,,
1.13829E+11,,,,,,,
9.10279E+11,,,,,,,
3.12556E+11,,,,,,,
9.11831E+11,,,,,,,
5.15514E+11,,,,,,,
6.43278E+11,,,,,,,
8.27153E+11,,,,,,,
6.92593E+11,,,,,,,
9.16717E+11,,,,,,,
5.71274E+11,,,,,,,
4.71014E+11,,,,,,,
5.06497E+11,,,,,,,
4.91254E+11,,,,,,,
1.24397E+11,,,,,,,
4.39151E+11,,,,,,,
5.56488E+11,,,,,,,
3.89548E+11,,,,,,,
3.43116E+11,,,,,,,
6.85559E+11,,,,,,,
4.03311E+11,,,,,,,
5.43924E+11,,,,,,,
2.70248E+11,,,,,,,
6.65949E+11,,,,,,,
6.35574E+11,,,,,,,
8.2387E+11,,,,,,,
7.72781E+11,,,,,,,
7.76821E+11,,,,,,,
8.38336E+11,,,,,,,
1.0696E+11,,,,,,,
4.97995E+11,,,,,,,
9.54666E+11,,,,,,,
2.61711E+11,,,,,,,
5.42448E+11,,,,,,,
2.20843E+11,,,,,,,
8.73996E+11,,,,,,,
6.32491E+11,,,,,,,
9.1894E+11,,,,,,,
8.62827E+11,,,,,,,
5.43501E+11,,,,,,,
3.9585E+11,,,,,,,
1.15863E+11,,,,,,,
9.11898E+11,,,,,,,
7.42991E+11,,,,,,,
2.07234E+11,,,,,,,
8.26273E+11,,,,,,,
3.91666E+11,,,,,,,
6.29396E+11,,,,,,,
2.48598E+11,,,,,,,
9.74918E+11,,,,,,,
6.60143E+11,,,,,,,
2.73924E+11,,,,,,,
2.00916E+11,,,,,,,
2.49903E+11,,,,,,,
5.29554E+11,,,,,,,
4.5904E+11,,,,,,,
9.95866E+11,,,,,,,
5.46874E+11,,,,,,,
3.37529E+11,,,,,,,
3.41107E+11,,,,,,,
6.27573E+11,,,,,,,
5.66997E+11,,,,,,,
6.25263E+11,,,,,,,
1.04634E+11,,,,,,,
4.24522E+11,,,,,,,
9.2215E+11,,,,,,,
8.12955E+11,,,,,,,
6.98786E+11,,,,,,,
6.71994E+11,,,,,,,
1.61677E+11,,,,,,,
6.87167E+11,,,,,,,
6.98044E+11,,,,,,,
9.04625E+11,,,,,,,
2.18146E+11,,,,,,,
7.42983E+11,,,,,,,
3.41736E+11,,,,,,,
2.01033E+11,,,,,,,
1.14222E+11,,,,,,,
7.46498E+11,,,,,,,
7.0295E+11,,,,,,,
1.37906E+11,,,,,,,
1.9998E+11,,,,,,,
2.20178E+11,,,,,,,
5.42612E+11,,,,,,,
5.37834E+11,,,,,,,
7.98842E+11,,,,,,,
7.67824E+11,,,,,,,
5.98304E+11,,,,,,,
3.23246E+11,,,,,,,
6.69732E+11,,,,,,,
1.42016E+11,,,,,,,
6.1811E+11,,,,,,,
9.55982E+11,,,,,,,
6.32895E+11,,,,,,,
6.07541E+11,,,,,,,
4.39046E+11,,,,,,,
4.94251E+11,,,,,,,
5.75875E+11,,,,,,,
8.49466E+11,,,,,,,
5.74439E+11,,,,,,,
1.80952E+11,,,,,,,
9.71709E+11,,,,,,,
5.69554E+11,,,,,,,
9.27242E+11,,,,,,,
9.90128E+11,,,,,,,
8.96168E+11,,,,,,,
3.36814E+11,,,,,,,
2.80085E+11,,,,,,,
4.89425E+11,,,,,,,
4.87376E+11,,,,,,,
5.64151E+11,,,,,,,
4.2487E+11,,,,,,,
2.39902E+11,,,,,,,
7.64616E+11,,,,,,,
7.19836E+11,,,,,,,
6.2053E+11,,,,,,,
2.81424E+11,,,,,,,
6.92658E+11,,,,,,,
2.22714E+11,,,,,,,
9.57452E+11,,,,,,,
2.34689E+11,,,,,,,
9.33049E+11,,,,,,,
4.34658E+11,,,,,,,
8.52358E+11,,,,,,,
8.67905E+11,,,,,,,
6.17794E+11,,,,,,,
9.91424E+11,,,,,,,
8.54015E+11,,,,,,,
3.39496E+11,,,,,,,
9.39726E+11,,,,,,,
9.45406E+11,,,,,,,
7.65458E+11,,,,,,,
1.00837E+11,,,,,,,
5.76514E+11,,,,,,,
9.32108E+11,,,,,,,
1.22098E+11,,,,,,,
6.00785E+11,,,,,,,
7.36531E+11,,,,,,,
7.93067E+11,,,,,,,
9.30376E+11,,,,,,,
3.61591E+11,,,,,,,
6.85828E+11,,,,,,,
6.41467E+11,,,,,,,
2.45476E+11,,,,,,,
7.10011E+11,,,,,,,
5.14688E+11,,,,,,,
8.59746E+11,,,,,,,
2.52118E+11,,,,,,,
2.17064E+11,,,,,,,
2.50959E+11,,,,,,,
6.94363E+11,,,,,,,
7.54911E+11,,,,,,,
2.10929E+11,,,,,,,
3.42713E+11,,,,,,,
4.91371E+11,,,,,,,
2.21545E+11,,,,,,,
7.8983E+11,,,,,,,
6.89541E+11,,,,,,,
2.87629E+11,,,,,,,
2.34042E+11,,,,,,,
5.16475E+11,,,,,,,
7.55145E+11,,,,,,,
1.71545E+11,,,,,,,
5.34124E+11,,,,,,,
5.28052E+11,,,,,,,
2.61126E+11,,,,,,,
4.69222E+11,,,,,,,
2.37603E+11,,,,,,,
2.18007E+11,,,,,,,
3.33259E+11,,,,,,,
8.16944E+11,,,,,,,
9.18174E+11,,,,,,,
2.27682E+11,,,,,,,
9.17962E+11,,,,,,,
1.7748E+11,,,,,,,
7.90061E+11,,,,,,,
5.27951E+11,,,,,,,
9.48063E+11,,,,,,,
6.52661E+11,,,,,,,
6.72744E+11,,,,,,,
6.75802E+11,,,,,,,
7.13433E+11,,,,,,,
4.01815E+11,,,,,,,
1.68355E+11,,,,,,,
8.10829E+11,,,,,,,
8.26377E+11,,,,,,,
3.10703E+11,,,,,,,
7.07121E+11,,,,,,,
4.91007E+11,,,,,,,
5.43981E+11,,,,,,,
5.96053E+11,,,,,,,
5.56907E+11,,,,,,,
6.93632E+11,,,,,,,
4.07166E+11,,,,,,,
3.64483E+11,,,,,,,
5.75214E+11,,,,,,,
3.61507E+11,,,,,,,
7.29576E+11,,,,,,,
2.31727E+11,,,,,,,
3.71091E+11,,,,,,,
2.92111E+11,,,,,,,
9.54701E+11,,,,,,,
7.03685E+11,,,,,,,
9.30853E+11,,,,,,,
3.79815E+11,,,,,,,
3.15842E+11,,,,,,,
7.74277E+11,,,,,,,
1.93085E+11,,,,,,,
3.96877E+11,,,,,,,
5.29297E+11,,,,,,,
7.86562E+11,,,,,,,
8.27358E+11,,,,,,,
2.42782E+11,,,,,,,
7.40871E+11,,,,,,,
5.61464E+11,,,,,,,
3.14399E+11,,,,,,,
5.90711E+11,,,,,,,
3.20652E+11,,,,,,,
2.49906E+11,,,,,,,
2.86512E+11,,,,,,,
1.3042E+11,,,,,,,
3.74907E+11,,,,,,,
5.37789E+11,,,,,,,
7.43895E+11,,,,,,,
6.21207E+11,,,,,,,
4.39621E+11,,,,,,,
2.62298E+11,,,,,,,
2.80211E+11,,,,,,,
9.73074E+11,,,,,,,
3.34297E+11,,,,,,,
9.93341E+11,,,,,,,
5.51723E+11,,,,,,,
1.6705E+11,,,,,,,
3.09243E+11,,,,,,,
1.77192E+11,,,,,,,
2.87289E+11,,,,,,,
9.93747E+11,,,,,,,
7.28276E+11,,,,,,,
6.75353E+11,,,,,,,
3.50437E+11,,,,,,,
6.32898E+11,,,,,,,
5.43397E+11,,,,,,,
3.25025E+11,,,,,,,
9.63807E+11,,,,,,,
7.15379E+11,,,,,,,
9.95141E+11,,,,,,,
2.96911E+11,,,,,,,
4.09864E+11,,,,,,,
7.64765E+11,,,,,,,
9.73519E+11,,,,,,,
3.44867E+11,,,,,,,
6.22226E+11,,,,,,,
1.90567E+11,,,,,,,
1.56995E+11,,,,,,,
6.57972E+11,,,,,,,
9.94536E+11,,,,,,,
9.00466E+11,,,,,,,
3.115E+11,,,,,,,
6.61134E+11,,,,,,,
1.02266E+11,,,,,,,
9.96841E+11,,,,,,,
9.16932E+11,,,,,,,
6.09459E+11,,,,,,,
7.39149E+11,,,,,,,
9.66412E+11,,,,,,,
3.3428E+11,,,,,,,
1.80631E+11,,,,,,,
3.26157E+11,,,,,,,
7.25823E+11,,,,,,,
7.83027E+11,,,,,,,
8.06628E+11,,,,,,,
4.20716E+11,,,,,,,
6.08619E+11,,,,,,,
4.67031E+11,,,,,,,
3.31772E+11,,,,,,,
6.15307E+11,,,,,,,
6.38457E+11,,,,,,,
1.88466E+11,,,,,,,
1.92679E+11,,,,,,,
7.52643E+11,,,,,,,
7.75404E+11,,,,,,,
4.41895E+11,,,,,,,
5.52876E+11,,,,,,,
2.12983E+11,,,,,,,
9.74206E+11,,,,,,,
8.03164E+11,,,,,,,
2.39539E+11,,,,,,,
9.38826E+11,,,,,,,
6.53596E+11,,,,,,,
2.45041E+11,,,,,,,
4.68209E+11,,,,,,,
5.04386E+11,,,,,,,
2.07391E+11,,,,,,,
7.62497E+11,,,,,,,
6.2869E+11,,,,,,,
8.39138E+11,,,,,,,
9.55155E+11,,,,,,,
8.51707E+11,,,,,,,
5.0871E+11,,,,,,,
8.0951E+11,,,,,,,
3.67767E+11,,,,,,,
2.62594E+11,,,,,,,
5.74486E+11,,,,,,,
5.17177E+11,,,,,,,
4.19939E+11,,,,,,,
7.65154E+11,,,,,,,
3.7185E+11,,,,,,,
2.84626E+11,,,,,,,
7.67842E+11,,,,,,,
1.72498E+11,,,,,,,
1.48239E+11,,,,,,,
4.85867E+11,,,,,,,
2.13989E+11,,,,,,,
9.95029E+11,,,,,,,
4.58916E+11,,,,,,,
2.86661E+11,,,,,,,
3.09705E+11,,,,,,,
5.75172E+11,,,,,,,
2.66655E+11,,,,,,,
5.35949E+11,,,,,,,
7.77749E+11,,,,,,,
8.32724E+11,,,,,,,
5.60461E+11,,,,,,,
7.53862E+11,,,,,,,
8.35343E+11,,,,,,,
6.22436E+11,,,,,,,
4.22096E+11,,,,,,,
4.72473E+11,,,,,,,
7.4723E+11,,,,,,,
9.46945E+11,,,,,,,
7.7771E+11,,,,,,,
1.50777E+11,,,,,,,
1.44384E+11,,,,,,,
4.15786E+11,,,,,,,
8.5294E+11,,,,,,,
8.46522E+11,,,,,,,
3.33638E+11,,,,,,,
9.57491E+11,,,,,,,
8.50456E+11,,,,,,,
6.35923E+11,,,,,,,
8.32862E+11,,,,,,,
1.68782E+11,,,,,,,
7.62959E+11,,,,,,,
5.92121E+11,,,,,,,
6.91505E+11,,,,,,,
7.28108E+11,,,,,,,
5.86541E+11,,,,,,,
1.86992E+11,,,,,,,
5.00274E+11,,,,,,,
6.37025E+11,,,,,,,
4.64733E+11,,,,,,,
4.36373E+11,,,,,,,
3.46463E+11,,,,,,,
3.78247E+11,,,,,,,
3.56526E+11,,,,,,,
3.21392E+11,,,,,,,
8.92773E+11,,,,,,,
4.47395E+11,,,,,,,
6.62644E+11,,,,,,,
2.31401E+11,,,,,,,
7.7583E+11,,,,,,,
8.16568E+11,,,,,,,
1.5542E+11,,,,,,,
6.53002E+11,,,,,,,
5.89722E+11,,,,,,,
3.08016E+11,,,,,,,
3.75846E+11,,,,,,,
3.01663E+11,,,,,,,
7.68888E+11,,,,,,,
2.56239E+11,,,,,,,
1.59344E+11,,,,,,,
2.72659E+11,,,,,,,
8.07916E+11,,,,,,,
5.72584E+11,,,,,,,
7.76469E+11,,,,,,,
9.18754E+11,,,,,,,
6.6412E+11,,,,,,,
2.186E+11,,,,,,,
9.10029E+11,,,,,,,
6.95106E+11,,,,,,,
4.13611E+11,,,,,,,
6.69323E+11,,,,,,,
4.23653E+11,,,,,,,
8.21562E+11,,,,,,,
7.50114E+11,,,,,,,
9.83779E+11,,,,,,,
6.2085E+11,,,,,,,
2.61187E+11,,,,,,,
4.89984E+11,,,,,,,
6.84598E+11,,,,,,,
8.21296E+11,,,,,,,
9.72071E+11,,,,,,,
3.19628E+11,,,,,,,
3.21187E+11,,,,,,,
1.67799E+11,,,,,,,
3.83812E+11,,,,,,,
3.11912E+11,,,,,,,
8.84624E+11,,,,,,,
5.6792E+11,,,,,,,
3.02372E+11,,,,,,,
1.02809E+11,,,,,,,
8.13061E+11,,,,,,,
8.04017E+11,,,,,,,
6.59643E+11,,,,,,,
7.54459E+11,,,,,,,
9.13524E+11,,,,,,,
4.86094E+11,,,,,,,
4.70921E+11,,,,,,,
3.06479E+11,,,,,,,
1.50473E+11,,,,,,,
3.35735E+11,,,,,,,
4.02118E+11,,,,,,,
6.78654E+11,,,,,,,
4.15469E+11,,,,,,,
5.6813E+11,,,,,,,
5.32475E+11,,,,,,,
3.92567E+11,,,,,,,
5.09793E+11,,,,,,,
3.93743E+11,,,,,,,
9.64966E+11,,,,,,,
5.96785E+11,,,,,,,
5.8615E+11,,,,,,,
2.78364E+11,,,,,,,
6.22316E+11,,,,,,,
2.39147E+11,,,,,,,
1.15868E+11,,,,,,,
6.92539E+11,,,,,,,
4.11053E+11,,,,,,,
2.34042E+11,,,,,,,
5.44006E+11,,,,,,,
2.76392E+11,,,,,,,
4.83155E+11,,,,,,,
8.6488E+11,,,,,,,
4.60058E+11,,,,,,,
8.68376E+11,,,,,,,
4.32523E+11,,,,,,,
4.48079E+11,,,,,,,
7.20544E+11,,,,,,,
4.74788E+11,,,,,,,
4.15228E+11,,,,,,,
7.96653E+11,,,,,,,
2.79182E+11,,,,,,,
6.69213E+11,,,,,,,
7.55323E+11,,,,,,,
2.77745E+11,,,,,,,
9.03598E+11,,,,,,,
8.16567E+11,,,,,,,
4.43873E+11,,,,,,,
8.53191E+11,,,,,,,
9.67053E+11,,,,,,,
6.74838E+11,,,,,,,
7.49243E+11,,,,,,,
7.55259E+11,,,,,,,
1.0643E+11,,,,,,,
7.64596E+11,,,,,,,
3.94508E+11,,,,,,,
8.80185E+11,,,,,,,
7.88254E+11,,,,,,,
5.99605E+11,,,,,,,
7.59205E+11,,,,,,,
2.69844E+11,,,,,,,
9.63764E+11,,,,,,,
9.39588E+11,,,,,,,
1.38059E+11,,,,,,,
7.93636E+11,,,,,,,
7.82615E+11,,,,,,,
2.5926E+11,,,,,,,
6.80144E+11,,,,,,,
3.52205E+11,,,,,,,
7.84784E+11,,,,,,,
5.0924E+11,,,,,,,
8.31146E+11,,,,,,,
8.52855E+11,,,,,,,
6.81095E+11,,,,,,,
2.05088E+11,,,,,,,
5.11649E+11,,,,,,,
6.52562E+11,,,,,,,
4.18022E+11,,,,,,,
3.78539E+11,,,,,,,
3.65516E+11,,,,,,,
9.41057E+11,,,,,,,
3.94977E+11,,,,,,,
1.12344E+11,,,,,,,
7.38126E+11,,,,,,,
9.58179E+11,,,,,,,
2.60091E+11,,,,,,,
9.40729E+11,,,,,,,
9.44481E+11,,,,,,,
8.38682E+11,,,,,,,
5.31772E+11,,,,,,,
1.2096E+11,,,,,,,
7.85835E+11,,,,,,,
7.64092E+11,,,,,,,
4.61954E+11,,,,,,,
3.06928E+11,,,,,,,
2.78237E+11,,,,,,,
5.51559E+11,,,,,,,
8.51643E+11,,,,,,,
6.36288E+11,,,,,,,
1.40192E+11,,,,,,,
7.24883E+11,,,,,,,
4.89877E+11,,,,,,,
5.1725E+11,,,,,,,
8.93619E+11,,,,,,,
1.30175E+11,,,,,,,
1.72828E+11,,,,,,,
3.05318E+11,,,,,,,
1.92442E+11,,,,,,,
6.3785E+11,,,,,,,
4.37371E+11,,,,,,,
6.91987E+11,,,,,,,
2.64233E+11,,,,,,,
3.7147E+11,,,,,,,
6.33586E+11,,,,,,,
9.7843E+11,,,,,,,
5.60976E+11,,,,,,,
3.55586E+11,,,,,,,
7.00009E+11,,,,,,,
4.50304E+11,,,,,,,
7.62738E+11,,,,,,,
3.36123E+11,,,,,,,
7.81879E+11,,,,,,,
7.87702E+11,,,,,,,
5.1445E+11,,,,,,,
5.61555E+11,,,,,,,
2.64984E+11,,,,,,,
1.22501E+11,,,,,,,
9.52539E+11,,,,,,,
9.2047E+11,,,,,,,
2.23766E+11,,,,,,,
7.42391E+11,,,,,,,
1.52707E+11,,,,,,,
9.97121E+11,,,,,,,
8.93011E+11,,,,,,,
8.72919E+11,,,,,,,
5.03237E+11,,,,,,,
8.8916E+11,,,,,,,
7.4433E+11,,,,,,,
5.47182E+11,,,,,,,
1.38383E+11,,,,,,,
6.32002E+11,,,,,,,
4.94828E+11,,,,,,,
7.59876E+11,,,,,,,
6.28365E+11,,,,,,,
9.25229E+11,,,,,,,
2.00079E+11,,,,,,,
3.6031E+11,,,,,,,
4.28466E+11,,,,,,,
6.96528E+11,,,,,,,
2.29375E+11,,,,,,,
2.52772E+11,,,,,,,
9.26787E+11,,,,,,,
9.26763E+11,,,,,,,
6.69207E+11,,,,,,,
5.93044E+11,,,,,,,
3.97868E+11,,,,,,,
8.949E+11,,,,,,,
7.99062E+11,,,,,,,
7.54555E+11,,,,,,,
9.71021E+11,,,,,,,
1.81302E+11,,,,,,,
1.32744E+11,,,,,,,
6.01711E+11,,,,,,,
3.122E+11,,,,,,,
2.06321E+11,,,,,,,
1.78784E+11,,,,,,,
9.71591E+11,,,,,,,
9.97561E+11,,,,,,,
7.9791E+11,,,,,,,
2.78711E+11,,,,,,,
9.50393E+11,,,,,,,
3.37079E+11,,,,,,,
9.00134E+11,,,,,,,
9.53456E+11,,,,,,,
1.3209E+11,,,,,,,
5.48737E+11,,,,,,,
4.32206E+11,,,,,,,
6.59585E+11,,,,,,,
9.34468E+11,,,,,,,
6.02985E+11,,,,,,,
2.84399E+11,,,,,,,
3.45441E+11,,,,,,,
7.43825E+11,,,,,,,
1.1704E+11,,,,,,,
8.25441E+11,,,,,,,
2.53551E+11,,,,,,,
8.11916E+11,,,,,,,
8.40308E+11,,,,,,,
2.36549E+11,,,,,,,
3.48594E+11,,,,,,,
8.35967E+11,,,,,,,
8.76446E+11,,,,,,,
9.18109E+11,,,,,,,
2.2709E+11,,,,,,,
3.67343E+11,,,,,,,
4.41805E+11,,,,,,,
8.84669E+11,,,,,,,
7.05309E+11,,,,,,,
9.18934E+11,,,,,,,
4.61766E+11,,,,,,,
5.65009E+11,,,,,,,
3.38548E+11,,,,,,,
1.84133E+11,,,,,,,
6.41099E+11,,,,,,,
7.32128E+11,,,,,,,
1.019E+11,,,,,,,
2.99994E+11,,,,,,,
5.06955E+11,,,,,,,
7.45111E+11,,,,,,,
5.00044E+11,,,,,,,
2.09646E+11,,,,,,,
8.723E+11,,,,,,,
7.92501E+11,,,,,,,
2.40713E+11,,,,,,,
1.99496E+11,,,,,,,
1.52429E+11,,,,,,,
2.94833E+11,,,,,,,
6.47572E+11,,,,,,,
4.88697E+11,,,,,,,
3.31239E+11,,,,,,,
5.49034E+11,,,,,,,
1.27069E+11,,,,,,,
7.02015E+11,,,,,,,
1.62076E+11,,,,,,,
6.14541E+11,,,,,,,
1.71326E+11,,,,,,,
8.03408E+11,,,,,,,
1.71337E+11,,,,,,,
7.41701E+11,,,,,,,
7.08533E+11,,,,,,,
2.65496E+11,,,,,,,
4.10333E+11,,,,,,,
9.93337E+11,,,,,,,
8.29853E+11,,,,,,,
4.39065E+11,,,,,,,
3.59496E+11,,,,,,,
2.19668E+11,,,,,,,
7.37458E+11,,,,,,,
1.10783E+11,,,,,,,
1.13842E+11,,,,,,,
6.59008E+11,,,,,,,
7.36841E+11,,,,,,,
4.69566E+11,,,,,,,
3.2673E+11,,,,,,,
3.39534E+11,,,,,,,
5.38992E+11,,,,,,,
5.85084E+11,,,,,,,
5.93065E+11,,,,,,,
9.43962E+11,,,,,,,
1.57208E+11,,,,,,,
6.23261E+11,,,,,,,
9.22939E+11,,,,,,,
1.10461E+11,,,,,,,
9.13206E+11,,,,,,,
4.69733E+11,,,,,,,
5.7427E+11,,,,,,,
4.98362E+11,,,,,,,
1.38021E+11,,,,,,,
9.05704E+11,,,,,,,
5.79879E+11,,,,,,,
9.01601E+11,,,,,,,
9.74332E+11,,,,,,,
8.80686E+11,,,,,,,
7.46453E+11,,,,,,,
2.73196E+11,,,,,,,
1.3087E+11,,,,,,,
9.48307E+11,,,,,,,
9.68756E+11,,,,,,,
6.51168E+11,,,,,,,
9.81872E+11,,,,,,,
1.49709E+11,,,,,,,
3.55995E+11,,,,,,,
5.52878E+11,,,,,,,
7.46843E+11,,,,,,,
7.28344E+11,,,,,,,
5.68613E+11,,,,,,,
5.4807E+11,,,,,,,
8.25241E+11,,,,,,,
8.64721E+11,,,,,,,
2.10923E+11,,,,,,,
6.57924E+11,,,,,,,
6.21192E+11,,,,,,,
7.26811E+11,,,,,,,
8.09624E+11,,,,,,,
8.48526E+11,,,,,,,
9.66192E+11,,,,,,,
8.03448E+11,,,,,,,
7.50885E+11,,,,,,,
1.62507E+11,,,,,,,
7.55017E+11,,,,,,,
8.67034E+11,,,,,,,
5.07104E+11,,,,,,,
9.94514E+11,,,,,,,
5.28046E+11,,,,,,,
2.47545E+11,,,,,,,
3.49097E+11,,,,,,,
3.97025E+11,,,,,,,
1.09565E+11,,,,,,,
5.35615E+11,,,,,,,
2.28394E+11,,,,,,,
1.86838E+11,,,,,,,
6.7731E+11,,,,,,,
1.41477E+11,,,,,,,
8.11155E+11,,,,,,,
7.81277E+11,,,,,,,
1.93607E+11,,,,,,,
8.97617E+11,,,,,,,
2.48878E+11,,,,,,,
3.32287E+11,,,,,,,
9.77847E+11,,,,,,,
9.33979E+11,,,,,,,
5.33582E+11,,,,,,,
7.66339E+11,,,,,,,
5.63674E+11,,,,,,,
5.48233E+11,,,,,,,
8.77034E+11,,,,,,,
6.34404E+11,,,,,,,
9.47465E+11,,,,,,,
6.46789E+11,,,,,,,
1.66082E+11,,,,,,,
8.55559E+11,,,,,,,
6.03981E+11,,,,,,,
8.03339E+11,,,,,,,
7.97837E+11,,,,,,,
3.38961E+11,,,,,,,
9.48906E+11,,,,,,,
4.31896E+11,,,,,,,
5.67374E+11,,,,,,,
6.93752E+11,,,,,,,
9.10797E+11,,,,,,,
5.09604E+11,,,,,,,
8.99372E+11,,,,,,,
1.72906E+11,,,,,,,
3.97962E+11,,,,,,,
9.25482E+11,,,,,,,
6.82864E+11,,,,,,,
8.60702E+11,,,,,,,
4.80367E+11,,,,,,,
1.76057E+11,,,,,,,
8.61957E+11,,,,,,,
1.55829E+11,,,,,,,
9.58843E+11,,,,,,,
5.80366E+11,,,,,,,
7.62098E+11,,,,,,,
8.55273E+11,,,,,,,
3.64203E+11,,,,,,,
8.3413E+11,,,,,,,
7.33365E+11,,,,,,,
1.88133E+11,,,,,,,
7.32506E+11,,,,,,,
6.68418E+11,,,,,,,
3.73664E+11,,,,,,,
9.76645E+11,,,,,,,
6.82401E+11,,,,,,,
9.06334E+11,,,,,,,
9.47292E+11,,,,,,,
9.72391E+11,,,,,,,
1.35817E+11,,,,,,,
7.97485E+11,,,,,,,
5.61385E+11,,,,,,,
5.25988E+11,,,,,,,
1.77851E+11,,,,,,,
8.37728E+11,,,,,,,
1.77492E+11,,,,,,,
7.32861E+11,,,,,,,
4.18542E+11,,,,,,,
2.15073E+11,,,,,,,
8.72282E+11,,,,,,,
7.99875E+11,,,,,,,
3.26375E+11,,,,,,,
8.81847E+11,,,,,,,
2.94752E+11,,,,,,,
2.65588E+11,,,,,,,
3.56937E+11,,,,,,,
1.3898E+11,,,,,,,
1.8163E+11,,,,,,,
9.43049E+11,,,,,,,
5.52253E+11,,,,,,,
8.2141E+11,,,,,,,
1.23572E+11,,,,,,,
7.01457E+11,,,,,,,
6.53954E+11,,,,,,,
3.18322E+11,,,,,,,
4.6215E+11,,,,,,,
5.94138E+11,,,,,,,
8.01632E+11,,,,,,,
4.38969E+11,,,,,,,
6.86436E+11,,,,,,,
6.75561E+11,,,,,,,
2.84238E+11,,,,,,,
1.26832E+11,,,,,,,
1.06622E+11,,,,,,,
1.74172E+11,,,,,,,
1.7056E+11,,,,,,,
9.33418E+11,,,,,,,
6.54688E+11,,,,,,,
8.55678E+11,,,,,,,
3.59213E+11,,,,,,,
5.41131E+11,,,,,,,
7.65209E+11,,,,,,,
8.97139E+11,,,,,,,
6.20932E+11,,,,,,,
7.43965E+11,,,,,,,
6.14016E+11,,,,,,,
6.75745E+11,,,,,,,
5.72491E+11,,,,,,,
8.67237E+11,,,,,,,
4.46003E+11,,,,,,,
3.11973E+11,,,,,,,
6.39431E+11,,,,,,,
2.55998E+11,,,,,,,
9.62654E+11,,,,,,,
9.62045E+11,,,,,,,
6.81006E+11,,,,,,,
4.22267E+11,,,,,,,
7.19427E+11,,,,,,,
8.39167E+11,,,,,,,
1.43214E+11,,,,,,,
3.8265E+11,,,,,,,
3.25574E+11,,,,,,,
8.64509E+11,,,,,,,
2.5284E+11,,,,,,,
7.74716E+11,,,,,,,
5.83385E+11,,,,,,,
1.73072E+11,,,,,,,
7.04059E+11,,,,,,,
2.68842E+11,,,,,,,
2.04442E+11,,,,,,,
4.17215E+11,,,,,,,
9.40051E+11,,,,,,,
7.74488E+11,,,,,,,
4.2452E+11,,,,,,,
5.28382E+11,,,,,,,
4.64603E+11,,,,,,,
4.93689E+11,,,,,,,
6.62303E+11,,,,,,,
9.18016E+11,,,,,,,
6.55869E+11,,,,,,,
3.1816E+11,,,,,,,
6.75073E+11,,,,,,,
5.6578E+11,,,,,,,
5.8996E+11,,,,,,,
2.17829E+11,,,,,,,
2.78565E+11,,,,,,,
6.18183E+11,,,,,,,
5.75975E+11,,,,,,,
7.55245E+11,,,,,,,
4.18472E+11,,,,,,,
3.62919E+11,,,,,,,
2.47509E+11,,,,,,,
6.90751E+11,,,,,,,
1.31042E+11,,,,,,,
2.78513E+11,,,,,,,
5.79553E+11,,,,,,,
6.7264E+11,,,,,,,
8.29432E+11,,,,,,,
2.17687E+11,,,,,,,
9.72965E+11,,,,,,,
4.6139E+11,,,,,,,
2.67815E+11,,,,,,,
4.6536E+11,,,,,,,
5.48198E+11,,,,,,,
8.21727E+11,,,,,,,
7.48407E+11,,,,,,,
3.95451E+11,,,,,,,
8.36657E+11,,,,,,,
6.70995E+11,,,,,,,
7.18134E+11,,,,,,,
8.44179E+11,,,,,,,
7.245E+11,,,,,,,
6.84592E+11,,,,,,,
3.79232E+11,,,,,,,
5.04085E+11,,,,,,,
4.07713E+11,,,,,,,
2.44288E+11,,,,,,,
7.48409E+11,,,,,,,
8.41902E+11,,,,,,,
8.62386E+11,,,,,,,
3.39914E+11,,,,,,,
2.91244E+11,,,,,,,
7.734E+11,,,,,,,
8.1048E+11,,,,,,,
8.09842E+11,,,,,,,
2.69971E+11,,,,,,,
2.97894E+11,,,,,,,
1.37148E+11,,,,,,,
5.66137E+11,,,,,,,
2.12072E+11,,,,,,,
1.7398E+11,,,,,,,
7.56803E+11,,,,,,,
6.42598E+11,,,,,,,
7.69988E+11,,,,,,,
6.40914E+11,,,,,,,
3.50693E+11,,,,,,,
6.80244E+11,,,,,,,
3.5909E+11,,,,,,,
5.67954E+11,,,,,,,
2.76416E+11,,,,,,,
4.10747E+11,,,,,,,
1.88974E+11,,,,,,,
1.38369E+11,,,,,,,
6.85802E+11,,,,,,,
1.3096E+11,,,,,,,
7.31904E+11,,,,,,,
7.10812E+11,,,,,,,
8.68309E+11,,,,,,,
4.94721E+11,,,,,,,
7.10584E+11,,,,,,,
4.82863E+11,,,,,,,
2.33579E+11,,,,,,,
2.8018E+11,,,,,,,
8.74578E+11,,,,,,,
5.30152E+11,,,,,,,
7.51012E+11,,,,,,,
1.60242E+11,,,,,,,
9.99832E+11,,,,,,,
3.68779E+11,,,,,,,
7.15313E+11,,,,,,,
7.09025E+11,,,,,,,
1.96128E+11,,,,,,,
1.21325E+11,,,,,,,
4.58604E+11,,,,,,,
8.6721E+11,,,,,,,
9.99789E+11,,,,,,,
5.47905E+11,,,,,,,
8.27487E+11,,,,,,,
6.32417E+11,,,,,,,
1.05728E+11,,,,,,,
3.78395E+11,,,,,,,
8.28612E+11,,,,,,,
3.07319E+11,,,,,,,
9.58252E+11,,,,,,,
4.11723E+11,,,,,,,
4.77672E+11,,,,,,,
2.51518E+11,,,,,,,
8.54344E+11,,,,,,,
9.93706E+11,,,,,,,
4.58673E+11,,,,,,,
8.3478E+11,,,,,,,
3.30598E+11,,,,,,,
8.4111E+11,,,,,,,
8.12815E+11,,,,,,,
9.37545E+11,,,,,,,
2.15208E+11,,,,,,,
7.2315E+11,,,,,,,
2.06182E+11,,,,,,,
7.21747E+11,,,,,,,
7.85072E+11,,,,,,,
9.50737E+11,,,,,,,
1.39794E+11,,,,,,,
9.42386E+11,,,,,,,
3.83969E+11,,,,,,,
9.81417E+11,,,,,,,
9.70638E+11,,,,,,,
4.99045E+11,,,,,,,
2.53115E+11,,,,,,,
4.81418E+11,,,,,,,
5.43806E+11,,,,,,,
1.78403E+11,,,,,,,
8.79513E+11,,,,,,,
1.71333E+11,,,,,,,
1.19188E+11,,,,,,,
9.52751E+11,,,,,,,
8.3872E+11,,,,,,,
5.61475E+11,,,,,,,
4.44918E+11,,,,,,,
9.25181E+11,,,,,,,
6.81227E+11,,,,,,,
2.49836E+11,,,,,,,
9.92493E+11,,,,,,,
1.23839E+11,,,,,,,
2.90135E+11,,,,,,,
6.20408E+11,,,,,,,
3.55663E+11,,,,,,,
2.58733E+11,,,,,,,
8.41492E+11,,,,,,,
1.6029E+11,,,,,,,
7.93759E+11,,,,,,,
2.02169E+11,,,,,,,
7.94956E+11,,,,,,,
7.75941E+11,,,,,,,
4.23943E+11,,,,,,,
8.86612E+11,,,,,,,
9.93882E+11,,,,,,,
1.32647E+11,,,,,,,
4.55725E+11,,,,,,,
3.70513E+11,,,,,,,
3.26118E+11,,,,,,,
3.26113E+11,,,,,,,
9.0492E+11,,,,,,,
9.51624E+11,,,,,,,
9.01108E+11,,,,,,,
6.80818E+11,,,,,,,
4.6048E+11,,,,,,,
3.69228E+11,,,,,,,
7.86537E+11,,,,,,,
4.35333E+11,,,,,,,
1.41582E+11,,,,,,,
9.92844E+11,,,,,,,
8.67022E+11,,,,,,,
1.88832E+11,,,,,,,
4.52773E+11,,,,,,,
8.48592E+11,,,,,,,
3.62368E+11,,,,,,,
5.57494E+11,,,,,,,
8.33484E+11,,,,,,,
4.24895E+11,,,,,,,
7.13312E+11,,,,,,,
5.363E+11,,,,,,,
1.92643E+11,,,,,,,
9.74339E+11,,,,,,,
2.20589E+11,,,,,,,
9.99758E+11,,,,,,,
8.43649E+11,,,,,,,
7.21635E+11,,,,,,,
5.07475E+11,,,,,,,
1.58168E+11,,,,,,,
7.5557E+11,,,,,,,
9.48478E+11,,,,,,,
1.16028E+11,,,,,,,
4.95542E+11,,,,,,,
5.40357E+11,,,,,,,
5.67113E+11,,,,,,,
8.29918E+11,,,,,,,
4.66429E+11,,,,,,,
1.38879E+11,,,,,,,
2.86229E+11,,,,,,,
9.31453E+11,,,,,,,
1.13791E+11,,,,,,,
7.65635E+11,,,,,,,
2.62741E+11,,,,,,,
4.10696E+11,,,,,,,
9.45685E+11,,,,,,,
4.60024E+11,,,,,,,
3.32102E+11,,,,,,,
1.37792E+11,,,,,,,
2.69166E+11,,,,,,,
4.75292E+11,,,,,,,
2.23039E+11,,,,,,,
3.4645E+11,,,,,,,
1.15245E+11,,,,,,,
7.27512E+11,,,,,,,
8.05319E+11,,,,,,,
1.31819E+11,,,,,,,
2.6142E+11,,,,,,,
6.23422E+11,,,,,,,
5.25683E+11,,,,,,,
1.85683E+11,,,,,,,
2.04157E+11,,,,,,,
3.71686E+11,,,,,,,
1.60931E+11,,,,,,,
5.80942E+11,,,,,,,
4.19496E+11,,,,,,,
7.30042E+11,,,,,,,
3.50637E+11,,,,,,,
8.3188E+11,,,,,,,
4.11732E+11,,,,,,,
6.63094E+11,,,,,,,
6.94988E+11,,,,,,,
3.05349E+11,,,,,,,
9.43552E+11,,,,,,,
8.43249E+11,,,,,,,
3.66245E+11,,,,,,,
7.37188E+11,,,,,,,
5.08906E+11,,,,,,,
7.72009E+11,,,,,,,
5.50193E+11,,,,,,,
5.06445E+11,,,,,,,
7.22872E+11,,,,,,,
1.28311E+11,,,,,,,
5.06566E+11,,,,,,,
3.28861E+11,,,,,,,
2.91381E+11,,,,,,,
7.51869E+11,,,,,,,
2.0207E+11,,,,,,,
8.80624E+11,,,,,,,
8.42123E+11,,,,,,,
1.21153E+11,,,,,,,
8.16274E+11,,,,,,,
1.32619E+11,,,,,,,
2.40968E+11,,,,,,,
5.02659E+11,,,,,,,
6.43181E+11,,,,,,,
5.7484E+11,,,,,,,
8.15686E+11,,,,,,,
5.56939E+11,,,,,,,
4.21709E+11,,,,,,,
8.68804E+11,,,,,,,
6.28954E+11,,,,,,,
6.35839E+11,,,,,,,
3.85995E+11,,,,,,,
8.2374E+11,,,,,,,
3.22782E+11,,,,,,,
2.04023E+11,,,,,,,
3.28455E+11,,,,,,,
3.58412E+11,,,,,,,
4.3197E+11,,,,,,,
1.9322E+11,,,,,,,
3.71858E+11,,,,,,,
4.253E+11,,,,,,,
9.41398E+11,,,,,,,
2.83141E+11,,,,,,,
9.74385E+11,,,,,,,
5.33977E+11,,,,,,,
7.79615E+11,,,,,,,
5.14553E+11,,,,,,,
9.42711E+11,,,,,,,
4.49406E+11,,,,,,,
1.23595E+11,,,,,,,
8.47374E+11,,,,,,,
7.73899E+11,,,,,,,
4.60607E+11,,,,,,,
9.61889E+11,,,,,,,
2.89418E+11,,,,,,,
4.59698E+11,,,,,,,
1.21331E+11,,,,,,,
3.21286E+11,,,,,,,
7.86478E+11,,,,,,,
8.09524E+11,,,,,,,
7.04248E+11,,,,,,,
8.49948E+11,,,,,,,
1.12495E+11,,,,,,,
6.38475E+11,,,,,,,
9.58397E+11,,,,,,,
3.12975E+11,,,,,,,
7.44771E+11,,,,,,,
6.78467E+11,,,,,,,
7.86084E+11,,,,,,,
5.56813E+11,,,,,,,
6.72027E+11,,,,,,,
7.13153E+11,,,,,,,
3.66186E+11,,,,,,,
3.65235E+11,,,,,,,
6.27078E+11,,,,,,,
5.28267E+11,,,,,,,
8.75009E+11,,,,,,,
1.27507E+11,,,,,,,
1.96544E+11,,,,,,,
7.69325E+11,,,,,,,
2.9158E+11,,,,,,,
3.09468E+11,,,,,,,
4.33028E+11,,,,,,,
2.45375E+11,,,,,,,
6.58351E+11,,,,,,,
3.56485E+11,,,,,,,
4.37179E+11,,,,,,,
1.85742E+11,,,,,,,
8.72622E+11,,,,,,,
2.8743E+11,,,,,,,
9.49895E+11,,,,,,,
2.94181E+11,,,,,,,
7.08961E+11,,,,,,,
4.5291E+11,,,,,,,
5.5701E+11,,,,,,,
2.96774E+11,,,,,,,
4.2463E+11,,,,,,,
6.66652E+11,,,,,,,
8.26359E+11,,,,,,,
8.49845E+11,,,,,,,
9.02431E+11,,,,,,,
1.00731E+11,,,,,,,
6.47765E+11,,,,,,,
2.6233E+11,,,,,,,
7.91839E+11,,,,,,,
3.2492E+11,,,,,,,
5.07018E+11,,,,,,,
1.70175E+11,,,,,,,
9.83086E+11,,,,,,,
5.67155E+11,,,,,,,
7.32794E+11,,,,,,,
7.04657E+11,,,,,,,
6.4514E+11,,,,,,,
5.29308E+11,,,,,,,
2.04783E+11,,,,,,,
9.02459E+11,,,,,,,
3.23813E+11,,,,,,,
3.5727E+11,,,,,,,
8.11068E+11,,,,,,,
9.77156E+11,,,,,,,
6.53857E+11,,,,,,,
4.01783E+11,,,,,,,
4.66249E+11,,,,,,,
6.69171E+11,,,,,,,
2.6305E+11,,,,,,,
5.48883E+11,,,,,,,
3.07445E+11,,,,,,,
8.60508E+11,,,,,,,
7.18427E+11,,,,,,,
1.73683E+11,,,,,,,
8.83136E+11,,,,,,,
3.73421E+11,,,,,,,
2.06142E+11,,,,,,,
3.53719E+11,,,,,,,
7.83165E+11,,,,,,,
3.29091E+11,,,,,,,
5.19823E+11,,,,,,,
6.00968E+11,,,,,,,
6.16765E+11,,,,,,,
5.55533E+11,,,,,,,
3.54318E+11,,,,,,,
5.92158E+11,,,,,,,
1.87575E+11,,,,,,,
6.84007E+11,,,,,,,
1.04033E+11,,,,,,,
5.4646E+11,,,,,,,
2.0012E+11,,,,,,,
1.26758E+11,,,,,,,
7.97189E+11,,,,,,,
5.94036E+11,,,,,,,
3.44078E+11,,,,,,,
2.86116E+11,,,,,,,
3.70056E+11,,,,,,,
9.496E+11,,,,,,,
5.47472E+11,,,,,,,
6.22279E+11,,,,,,,
1.30093E+11,,,,,,,
5.75525E+11,,,,,,,
8.97051E+11,,,,,,,
6.58753E+11,,,,,,,
3.79711E+11,,,,,,,
4.64141E+11,,,,,,,
7.22814E+11,,,,,,,
9.70146E+11,,,,,,,
2.09084E+11,,,,,,,
3.39172E+11,,,,,,,
8.91764E+11,,,,,,,
7.30688E+11,,,,,,,
3.46279E+11,,,,,,,
7.83933E+11,,,,,,,
4.94199E+11,,,,,,,
6.75745E+11,,,,,,,
5.5609E+11,,,,,,,
8.12593E+11,,,,,,,
7.16972E+11,,,,,,,
7.57265E+11,,,,,,,
2.40575E+11,,,,,,,
2.81763E+11,,,,,,,
1.67701E+11,,,,,,,
5.27825E+11,,,,,,,
3.90888E+11,,,,,,,
1.63878E+11,,,,,,,
4.33307E+11,,,,,,,
2.43157E+11,,,,,,,
5.96158E+11,,,,,,,
6.73147E+11,,,,,,,
4.12734E+11,,,,,,,
2.39993E+11,,,,,,,
8.75207E+11,,,,,,,
8.50323E+11,,,,,,,
5.64783E+11,,,,,,,
3.31501E+11,,,,,,,
8.43435E+11,,,,,,,
9.23541E+11,,,,,,,
5.79189E+11,,,,,,,
1.72158E+11,,,,,,,
7.9558E+11,,,,,,,
5.96247E+11,,,,,,,
5.83019E+11,,,,,,,
4.05708E+11,,,,,,,
3.82321E+11,,,,,,,
6.83783E+11,,,,,,,
2.94789E+11,,,,,,,
7.00358E+11,,,,,,,
7.73531E+11,,,,,,,
2.04178E+11,,,,,,,
5.49797E+11,,,,,,,
9.87344E+11,,,,,,,
4.49732E+11,,,,,,,
5.70554E+11,,,,,,,
6.72949E+11,,,,,,,
3.36011E+11,,,,,,,
2.74863E+11,,,,,,,
1.26967E+11,,,,,,,
5.94717E+11,,,,,,,
6.57353E+11,,,,,,,
8.20096E+11,,,,,,,
4.32228E+11,,,,,,,
1.23626E+11,,,,,,,
2.66972E+11,,,,,,,
1.77458E+11,,,,,,,
6.17433E+11,,,,,,,
6.22216E+11,,,,,,,
7.40748E+11,,,,,,,
3.01226E+11,,,,,,,
2.58198E+11,,,,,,,
9.63526E+11,,,,,,,
4.72081E+11,,,,,,,
3.09309E+11,,,,,,,
6.06534E+11,,,,,,,
9.24678E+11,,,,,,,
7.89145E+11,,,,,,,
4.77007E+11,,,,,,,
4.62084E+11,,,,,,,
1.61647E+11,,,,,,,
2.51789E+11,,,,,,,
5.94881E+11,,,,,,,
8.08791E+11,,,,,,,
5.04481E+11,,,,,,,
4.27167E+11,,,,,,,
8.65931E+11,,,,,,,
7.08865E+11,,,,,,,
8.44475E+11,,,,,,,
3.09511E+11,,,,,,,
4.49092E+11,,,,,,,
9.88468E+11,,,,,,,
8.32823E+11,,,,,,,
7.50129E+11,,,,,,,
9.43584E+11,,,,,,,
5.41129E+11,,,,,,,
4.48636E+11,,,,,,,
6.20761E+11,,,,,,,
2.11895E+11,,,,,,,
1.05883E+11,,,,,,,
9.29911E+11,,,,,,,
7.69101E+11,,,,,,,
8.14454E+11,,,,,,,
8.29071E+11,,,,,,,
1.00456E+11,,,,,,,
9.76006E+11,,,,,,,
6.23308E+11,,,,,,,
8.99988E+11,,,,,,,
6.65209E+11,,,,,,,
8.29941E+11,,,,,,,
9.66422E+11,,,,,,,
1.94029E+11,,,,,,,
7.16543E+11,,,,,,,
2.52759E+11,,,,,,,
3.98984E+11,,,,,,,
4.58854E+11,,,,,,,
5.98815E+11,,,,,,,
9.25715E+11,,,,,,,
7.63081E+11,,,,,,,
5.45327E+11,,,,,,,
3.73446E+11,,,,,,,
2.06192E+11,,,,,,,
7.91718E+11,,,,,,,
7.28274E+11,,,,,,,
1.70444E+11,,,,,,,
3.99203E+11,,,,,,,
6.60811E+11,,,,,,,
5.17643E+11,,,,,,,
8.22103E+11,,,,,,,
8.29001E+11,,,,,,,
8.56545E+11,,,,,,,
1.58735E+11,,,,,,,
8.52204E+11,,,,,,,
7.63378E+11,,,,,,,
9.52922E+11,,,,,,,
2.15216E+11,,,,,,,
4.59422E+11,,,,,,,
3.52462E+11,,,,,,,
2.0855E+11,,,,,,,
5.39823E+11,,,,,,,
8.45815E+11,,,,,,,
7.16595E+11,,,,,,,
1.12382E+11,,,,,,,
1.13683E+11,,,,,,,
8.74664E+11,,,,,,,
1.41206E+11,,,,,,,
1.99684E+11,,,,,,,
1.92723E+11,,,,,,,
2.01457E+11,,,,,,,
2.72833E+11,,,,,,,
2.64957E+11,,,,,,,
3.07114E+11,,,,,,,
4.15311E+11,,,,,,,
2.52871E+11,,,,,,,
2.76969E+11,,,,,,,
2.91047E+11,,,,,,,
7.77752E+11,,,,,,,
6.62717E+11,,,,,,,
8.83394E+11,,,,,,,
9.81644E+11,,,,,,,
9.5709E+11,,,,,,,
8.36695E+11,,,,,,,
1.73862E+11,,,,,,,
3.39094E+11,,,,,,,
5.42075E+11,,,,,,,
8.74541E+11,,,,,,,
5.62269E+11,,,,,,,
2.22085E+11,,,,,,,
3.31093E+11,,,,,,,
7.32539E+11,,,,,,,
4.07776E+11,,,,,,,
6.37551E+11,,,,,,,
2.90298E+11,,,,,,,
3.24426E+11,,,,,,,
9.65267E+11,,,,,,,
1.23525E+11,,,,,,,
3.25287E+11,,,,,,,
9.96276E+11,,,,,,,
5.14725E+11,,,,,,,
2.43073E+11,,,,,,,
6.65828E+11,,,,,,,
6.05333E+11,,,,,,,
4.69506E+11,,,,,,,
9.18174E+11,,,,,,,
7.42036E+11,,,,,,,
7.95184E+11,,,,,,,
3.15769E+11,,,,,,,
1.04601E+11,,,,,,,
1.90456E+11,,,,,,,
7.70387E+11,,,,,,,
3.35338E+11,,,,,,,
5.63336E+11,,,,,,,
3.82869E+11,,,,,,,
1.85493E+11,,,,,,,
4.92201E+11,,,,,,,
5.70385E+11,,,,,,,
1.90757E+11,,,,,,,
7.38301E+11,,,,,,,
7.91216E+11,,,,,,,
9.77846E+11,,,,,,,
9.23374E+11,,,,,,,
9.53022E+11,,,,,,,
5.24683E+11,,,,,,,
5.44027E+11,,,,,,,
2.69432E+11,,,,,,,
1.07071E+11,,,,,,,
1.59195E+11,,,,,,,
3.93503E+11,,,,,,,
1.3214E+11,,,,,,,
2.76272E+11,,,,,,,
3.95213E+11,,,,,,,
4.63833E+11,,,,,,,
1.59514E+11,,,,,,,
5.99062E+11,,,,,,,
3.95131E+11,,,,,,,
6.75436E+11,,,,,,,
8.18585E+11,,,,,,,
9.40955E+11,,,,,,,
5.26278E+11,,,,,,,
4.12344E+11,,,,,,,
3.94687E+11,,,,,,,
7.37494E+11,,,,,,,
2.37047E+11,,,,,,,
2.09835E+11,,,,,,,
6.00401E+11,,,,,,,
8.43735E+11,,,,,,,
8.16419E+11,,,,,,,
3.17048E+11,,,,,,,
8.67777E+11,,,,,,,
3.69724E+11,,,,,,,
6.70142E+11,,,,,,,
8.25571E+11,,,,,,,
7.88084E+11,,,,,,,
3.23257E+11,,,,,,,
8.38953E+11,,,,,,,
9.61472E+11,,,,,,,
3.67231E+11,,,,,,,
2.80572E+11,,,,,,,
1.29982E+11,,,,,,,
9.29313E+11,,,,,,,
8.3252E+11,,,,,,,
4.44976E+11,,,,,,,
8.73895E+11,,,,,,,
9.04334E+11,,,,,,,
1.46078E+11,,,,,,,
8.40176E+11,,,,,,,
4.23496E+11,,,,,,,
5.51425E+11,,,,,,,
6.00338E+11,,,,,,,
3.31904E+11,,,,,,,
3.94093E+11,,,,,,,
4.35475E+11,,,,,,,
6.90775E+11,,,,,,,
6.17817E+11,,,,,,,
5.70495E+11,,,,,,,
6.26002E+11,,,,,,,
9.39985E+11,,,,,,,
9.30474E+11,,,,,,,
8.62609E+11,,,,,,,
9.31917E+11,,,,,,,
4.80938E+11,,,,,,,
2.32108E+11,,,,,,,
5.63694E+11,,,,,,,
7.47572E+11,,,,,,,
7.85331E+11,,,,,,,
6.72481E+11,,,,,,,
9.01019E+11,,,,,,,
1.69424E+11,,,,,,,
8.53841E+11,,,,,,,
9.41182E+11,,,,,,,
1.73349E+11,,,,,,,
3.40198E+11,,,,,,,
1.05458E+11,,,,,,,
5.87894E+11,,,,,,,
3.24874E+11,,,,,,,
4.90195E+11,,,,,,,
2.69344E+11,,,,,,,
4.0186E+11,,,,,,,
2.90232E+11,,,,,,,
9.49657E+11,,,,,,,
4.44011E+11,,,,,,,
2.06144E+11,,,,,,,
1.50039E+11,,,,,,,
1.85546E+11,,,,,,,
5.63432E+11,,,,,,,
3.16521E+11,,,,,,,
3.71066E+11,,,,,,,
4.50255E+11,,,,,,,
6.60044E+11,,,,,,,
8.33045E+11,,,,,,,
2.60304E+11,,,,,,,
1.98783E+11,,,,,,,
2.7705E+11,,,,,,,
5.31657E+11,,,,,,,
6.95937E+11,,,,,,,
5.20311E+11,,,,,,,
2.55384E+11,,,,,,,
5.01947E+11,,,,,,,
2.20791E+11,,,,,,,
9.07816E+11,,,,,,,
5.51749E+11,,,,,,,
8.38253E+11,,,,,,,
7.93579E+11,,,,,,,
4.82588E+11,,,,,,,
8.99238E+11,,,,,,,
7.73583E+11,,,,,,,
1.12982E+11,,,,,,,
9.26146E+11,,,,,,,
2.27581E+11,,,,,,,
1.12624E+11,,,,,,,
2.41882E+11,,,,,,,
1.05164E+11,,,,,,,
4.86876E+11,,,,,,,
6.44554E+11,,,,,,,
2.2133E+11,,,,,,,
5.53003E+11,,,,,,,
7.79108E+11,,,,,,,
5.69559E+11,,,,,,,
7.98835E+11,,,,,,,
1.98988E+11,,,,,,,
5.75764E+11,,,,,,,
8.92031E+11,,,,,,,
7.85654E+11,,,,,,,
3.33448E+11,,,,,,,
2.6519E+11,,,,,,,
7.66687E+11,,,,,,,
5.70783E+11,,,,,,,
4.91565E+11,,,,,,,
6.96796E+11,,,,,,,
5.7464E+11,,,,,,,
2.44698E+11,,,,,,,
2.57566E+11,,,,,,,
3.59546E+11,,,,,,,
3.04716E+11,,,,,,,
8.47211E+11,,,,,,,
1.1982E+11,,,,,,,
4.98462E+11,,,,,,,
6.90943E+11,,,,,,,
5.49316E+11,,,,,,,
1.77587E+11,,,,,,,
6.3436E+11,,,,,,,
1.0699E+11,,,,,,,
3.98381E+11,,,,,,,
9.48489E+11,,,,,,,
5.72871E+11,,,,,,,
7.02587E+11,,,,,,,
6.11127E+11,,,,,,,
5.76073E+11,,,,,,,
5.34885E+11,,,,,,,
4.36698E+11,,,,,,,
8.09968E+11,,,,,,,
9.4743E+11,,,,,,,
9.62948E+11,,,,,,,
8.22255E+11,,,,,,,
7.9705E+11,,,,,,,
2.6489E+11,,,,,,,
2.30846E+11,,,,,,,
3.74513E+11,,,,,,,
9.27785E+11,,,,,,,
3.40429E+11,,,,,,,
4.86868E+11,,,,,,,
9.50449E+11,,,,,,,
5.53098E+11,,,,,,,
9.87007E+11,,,,,,,
5.71616E+11,,,,,,,
6.21868E+11,,,,,,,
2.85881E+11,,,,,,,
5.00418E+11,,,,,,,
5.7725E+11,,,,,,,
6.6937E+11,,,,,,,
9.10729E+11,,,,,,,
8.20658E+11,,,,,,,
8.4057E+11,,,,,,,
8.54118E+11,,,,,,,
8.59271E+11,,,,,,,
6.46414E+11,,,,,,,
6.13343E+11,,,,,,,
5.93853E+11,,,,,,,
4.69242E+11,,,,,,,
6.46718E+11,,,,,,,
8.71962E+11,,,,,,,
8.25879E+11,,,,,,,
8.83881E+11,,,,,,,
8.35339E+11,,,,,,,
5.20202E+11,,,,,,,
2.31877E+11,,,,,,,
4.76915E+11,,,,,,,
3.13279E+11,,,,,,,
5.35185E+11,,,,,,,
5.05115E+11,,,,,,,
7.98154E+11,,,,,,,
1.31527E+11,,,,,,,
3.07066E+11,,,,,,,
2.86947E+11,,,,,,,
4.74424E+11,,,,,,,
5.4002E+11,,,,,,,
2.51314E+11,,,,,,,
5.70033E+11,,,,,,,
2.7801E+11,,,,,,,
6.88004E+11,,,,,,,
2.40927E+11,,,,,,,
5.21678E+11,,,,,,,
7.29158E+11,,,,,,,
1.53104E+11,,,,,,,
5.22744E+11,,,,,,,
3.5433E+11,,,,,,,
3.85633E+11,,,,,,,
8.02965E+11,,,,,,,
2.48992E+11,,,,,,,
5.6133E+11,,,,,,,
1.21833E+11,,,,,,,
2.17687E+11,,,,,,,
3.64238E+11,,,,,,,
1.19565E+11,,,,,,,
2.17314E+11,,,,,,,
3.95058E+11,,,,,,,
6.62871E+11,,,,,,,
9.60231E+11,,,,,,,
6.0425E+11,,,,,,,
2.75691E+11,,,,,,,
7.35524E+11,,,,,,,
5.53173E+11,,,,,,,
4.36783E+11,,,,,,,
2.43299E+11,,,,,,,
3.72622E+11,,,,,,,
4.45142E+11,,,,,,,
9.44095E+11,,,,,,,
5.34415E+11,,,,,,,
4.60635E+11,,,,,,,
1.71231E+11,,,,,,,
9.61276E+11,,,,,,,
3.21351E+11,,,,,,,
1.25343E+11,,,,,,,
3.53088E+11,,,,,,,
3.1818E+11,,,,,,,
2.76446E+11,,,,,,,
5.54874E+11,,,,,,,
6.5095E+11,,,,,,,
5.94418E+11,,,,,,,
6.90669E+11,,,,,,,
6.76364E+11,,,,,,,
3.8526E+11,,,,,,,
4.73559E+11,,,,,,,
4.83634E+11,,,,,,,
5.0046E+11,,,,,,,
4.98166E+11,,,,,,,
2.23153E+11,,,,,,,
8.81775E+11,,,,,,,
9.8361E+11,,,,,,,
9.3312E+11,,,,,,,
7.53468E+11,,,,,,,
3.49283E+11,,,,,,,
1.88694E+11,,,,,,,
3.77339E+11,,,,,,,
2.61717E+11,,,,,,,
4.81048E+11,,,,,,,
1.39946E+11,,,,,,,
5.55714E+11,,,,,,,
6.65776E+11,,,,,,,
8.51845E+11,,,,,,,
7.81157E+11,,,,,,,
9.26091E+11,,,,,,,
4.42162E+11,,,,,,,
5.37137E+11,,,,,,,
4.34792E+11,,,,,,,
4.39662E+11,,,,,,,
2.67861E+11,,,,,,,
4.2294E+11,,,,,,,
7.46953E+11,,,,,,,
1.41691E+11,,,,,,,
9.23284E+11,,,,,,,
6.00469E+11,,,,,,,
1.7251E+11,,,,,,,
6.0289E+11,,,,,,,
9.98742E+11,,,,,,,
7.35783E+11,,,,,,,
7.10924E+11,,,,,,,
8.98993E+11,,,,,,,
2.33581E+11,,,,,,,
9.67294E+11,,,,,,,
1.09378E+11,,,,,,,
5.71383E+11,,,,,,,
1.73223E+11,,,,,,,
5.80862E+11,,,,,,,
5.55333E+11,,,,,,,
5.19284E+11,,,,,,,
5.67379E+11,,,,,,,
3.70937E+11,,,,,,,
9.79662E+11,,,,,,,
9.7255E+11,,,,,,,
1.51051E+11,,,,,,,
8.34115E+11,,,,,,,
5.50097E+11,,,,,,,
6.2345E+11,,,,,,,
1.26386E+11,,,,,,,
8.90737E+11,,,,,,,
2.9345E+11,,,,,,,
4.88688E+11,,,,,,,
2.48072E+11,,,,,,,
2.06201E+11,,,,,,,
9.14185E+11,,,,,,,
1.62387E+11,,,,,,,
4.08299E+11,,,,,,,
3.38493E+11,,,,,,,
4.20623E+11,,,,,,,
4.82375E+11,,,,,,,
3.81981E+11,,,,,,,
4.79972E+11,,,,,,,
8.88059E+11,,,,,,,
2.6762E+11,,,,,,,
4.70219E+11,,,,,,,
9.69317E+11,,,,,,,
8.19356E+11,,,,,,,
5.9207E+11,,,,,,,
6.80555E+11,,,,,,,
8.53575E+11,,,,,,,
5.82944E+11,,,,,,,
3.34699E+11,,,,,,,
2.81842E+11,,,,,,,
9.68036E+11,,,,,,,
4.17529E+11,,,,,,,
1.1745E+11,,,,,,,
7.87934E+11,,,,,,,
8.39966E+11,,,,,,,
3.06146E+11,,,,,,,
7.33693E+11,,,,,,,
4.67957E+11,,,,,,,
3.28418E+11,,,,,,,
2.62235E+11,,,,,,,
6.64878E+11,,,,,,,
3.1168E+11,,,,,,,
4.49472E+11,,,,,,,
7.44394E+11,,,,,,,
5.78608E+11,,,,,,,
4.39168E+11,,,,,,,
1.60757E+11,,,,,,,
9.10547E+11,,,,,,,
5.79256E+11,,,,,,,
6.45638E+11,,,,,,,
5.37817E+11,,,,,,,
8.16073E+11,,,,,,,
4.98411E+11,,,,,,,
3.98657E+11,,,,,,,
4.19865E+11,,,,,,,
8.05894E+11,,,,,,,
3.73069E+11,,,,,,,
3.23758E+11,,,,,,,
9.97849E+11,,,,,,,
2.50548E+11,,,,,,,
2.09033E+11,,,,,,,
8.59813E+11,,,,,,,
3.92667E+11,,,,,,,
4.60096E+11,,,,,,,
6.19377E+11,,,,,,,
2.58852E+11,,,,,,,
3.74731E+11,,,,,,,
8.27638E+11,,,,,,,
1.82971E+11,,,,,,,
4.13122E+11,,,,,,,
4.53705E+11,,,,,,,
2.23069E+11,,,,,,,
5.28181E+11,,,,,,,
1.55773E+11,,,,,,,
4.79622E+11,,,,,,,
9.61258E+11,,,,,,,
2.11013E+11,,,,,,,
9.87241E+11,,,,,,,
5.24348E+11,,,,,,,
9.16451E+11,,,,,,,
4.49804E+11,,,,,,,
1.46914E+11,,,,,,,
4.48719E+11,,,,,,,
5.67487E+11,,,,,,,
2.94468E+11,,,,,,,
8.14124E+11,,,,,,,
9.26856E+11,,,,,,,
4.00453E+11,,,,,,,
7.30783E+11,,,,,,,
1.46369E+11,,,,,,,
9.83224E+11,,,,,,,
6.04469E+11,,,,,,,
5.97351E+11,,,,,,,
2.31059E+11,,,,,,,
5.7119E+11,,,,,,,
8.24248E+11,,,,,,,
9.95974E+11,,,,,,,
9.73711E+11,,,,,,,
2.2667E+11,,,,,,,
8.68501E+11,,,,,,,
3.57558E+11,,,,,,,
7.71844E+11,,,,,,,
7.24515E+11,,,,,,,
2.29861E+11,,,,,,,
3.67938E+11,,,,,,,
4.06933E+11,,,,,,,
6.37802E+11,,,,,,,
7.88346E+11,,,,,,,
1.39298E+11,,,,,,,
5.64854E+11,,,,,,,
4.15835E+11,,,,,,,
2.2319E+11,,,,,,,
4.51616E+11,,,,,,,
3.9276E+11,,,,,,,
5.69085E+11,,,,,,,
7.05355E+11,,,,,,,
3.70773E+11,,,,,,,
9.04377E+11,,,,,,,
7.32946E+11,,,,,,,
8.4297E+11,,,,,,,
7.89779E+11,,,,,,,
1.44414E+11,,,,,,,
3.48855E+11,,,,,,,
3.71227E+11,,,,,,,
6.96439E+11,,,,,,,
8.67885E+11,,,,,,,
8.90139E+11,,,,,,,
6.85599E+11,,,,,,,
1.56819E+11,,,,,,,
3.30192E+11,,,,,,,
4.81603E+11,,,,,,,
8.91676E+11,,,,,,,
1.90167E+11,,,,,,,
4.58715E+11,,,,,,,
3.77624E+11,,,,,,,
3.34557E+11,,,,,,,
5.08878E+11,,,,,,,
3.45289E+11,,,,,,,
5.39152E+11,,,,,,,
3.7553E+11,,,,,,,
9.78325E+11,,,,,,,
6.385E+11,,,,,,,
6.26732E+11,,,,,,,
4.64151E+11,,,,,,,
6.09333E+11,,,,,,,
8.18369E+11,,,,,,,
1.03991E+11,,,,,,,
3.36336E+11,,,,,,,
7.335E+11,,,,,,,
8.19505E+11,,,,,,,
9.20633E+11,,,,,,,
1.56305E+11,,,,,,,
5.2153E+11,,,,,,,
8.84528E+11,,,,,,,
7.47674E+11,,,,,,,
8.60273E+11,,,,,,,
2.985E+11,,,,,,,
7.95608E+11,,,,,,,
9.07597E+11,,,,,,,
4.71112E+11,,,,,,,
3.92032E+11,,,,,,,
6.97059E+11,,,,,,,
9.82632E+11,,,,,,,
5.29074E+11,,,,,,,
4.54575E+11,,,,,,,
3.07113E+11,,,,,,,
5.41407E+11,,,,,,,
6.53453E+11,,,,,,,
8.50728E+11,,,,,,,
5.59477E+11,,,,,,,
7.05553E+11,,,,,,,
6.41424E+11,,,,,,,
8.8599E+11,,,,,,,
5.90611E+11,,,,,,,
4.33851E+11,,,,,,,
7.80871E+11,,,,,,,
2.2468E+11,,,,,,,
4.2931E+11,,,,,,,
3.84623E+11,,,,,,,
6.15334E+11,,,,,,,
8.62199E+11,,,,,,,
7.74204E+11,,,,,,,
5.17604E+11,,,,,,,
7.95902E+11,,,,,,,
2.92107E+11,,,,,,,
6.19191E+11,,,,,,,
5.10853E+11,,,,,,,
5.15633E+11,,,,,,,
6.7176E+11,,,,,,,
2.16719E+11,,,,,,,
7.79632E+11,,,,,,,
5.26541E+11,,,,,,,
4.59084E+11,,,,,,,
4.43986E+11,,,,,,,
1.76023E+11,,,,,,,
3.24278E+11,,,,,,,
6.94606E+11,,,,,,,
6.4831E+11,,,,,,,
2.17095E+11,,,,,,,
1.18449E+11,,,,,,,
4.68895E+11,,,,,,,
3.37079E+11,,,,,,,
9.90389E+11,,,,,,,
8.11702E+11,,,,,,,
4.90864E+11,,,,,,,
8.87918E+11,,,,,,,
4.46292E+11,,,,,,,
8.83868E+11,,,,,,,
4.42532E+11,,,,,,,
8.633E+11,,,,,,,
5.01064E+11,,,,,,,
9.97054E+11,,,,,,,
6.4425E+11,,,,,,,
4.67456E+11,,,,,,,
3.52941E+11,,,,,,,
2.34427E+11,,,,,,,
7.28135E+11,,,,,,,
5.60694E+11,,,,,,,
2.44889E+11,,,,,,,
8.38896E+11,,,,,,,
5.97461E+11,,,,,,,
9.16072E+11,,,,,,,
6.30042E+11,,,,,,,
5.27455E+11,,,,,,,
1.81894E+11,,,,,,,
5.23748E+11,,,,,,,
7.9697E+11,,,,,,,
4.44771E+11,,,,,,,
5.09049E+11,,,,,,,
5.51508E+11,,,,,,,
3.88517E+11,,,,,,,
1.11403E+11,,,,,,,
5.36177E+11,,,,,,,
8.64763E+11,,,,,,,
7.64861E+11,,,,,,,
7.95133E+11,,,,,,,
9.37577E+11,,,,,,,
1.048E+11,,,,,,,
2.90055E+11,,,,,,,
1.56335E+11,,,,,,,
3.07088E+11,,,,,,,
6.24932E+11,,,,,,,
3.75995E+11,,,,,,,
7.02731E+11,,,,,,,
5.24285E+11,,,,,,,
9.74696E+11,,,,,,,
7.38549E+11,,,,,,,
4.84195E+11,,,,,,,
4.21781E+11,,,,,,,
5.88504E+11,,,,,,,
5.74025E+11,,,,,,,
5.64678E+11,,,,,,,
4.09613E+11,,,,,,,
6.56491E+11,,,,,,,
8.68794E+11,,,,,,,
7.69685E+11,,,,,,,
3.7601E+11,,,,,,,
3.34025E+11,,,,,,,
3.84441E+11,,,,,,,
5.99528E+11,,,,,,,
8.0642E+11,,,,,,,
5.56264E+11,,,,,,,
3.48289E+11,,,,,,,
8.45551E+11,,,,,,,
4.69265E+11,,,,,,,
9.91711E+11,,,,,,,
4.87653E+11,,,,,,,
4.56622E+11,,,,,,,
7.40765E+11,,,,,,,
8.11827E+11,,,,,,,
2.37599E+11,,,,,,,
4.25574E+11,,,,,,,
8.45934E+11,,,,,,,
5.19896E+11,,,,,,,
7.55157E+11,,,,,,,
6.27708E+11,,,,,,,
2.16863E+11,,,,,,,
3.19165E+11,,,,,,,
9.44908E+11,,,,,,,
5.55429E+11,,,,,,,
1.54027E+11,,,,,,,
5.32734E+11,,,,,,,
9.98718E+11,,,,,,,
9.2194E+11,,,,,,,
1.12779E+11,,,,,,,
1.21908E+11,,,,,,,
6.31438E+11,,,,,,,
5.56676E+11,,,,,,,
7.74068E+11,,,,,,,
8.5272E+11,,,,,,,
4.15858E+11,,,,,,,
3.42197E+11,,,,,,,
8.97152E+11,,,,,,,
8.04829E+11,,,,,,,
1.60648E+11,,,,,,,
8.60297E+11,,,,,,,
4.22862E+11,,,,,,,
9.00394E+11,,,,,,,
2.30769E+11,,,,,,,
9.92714E+11,,,,,,,
9.976E+11,,,,,,,
5.02684E+11,,,,,,,
9.8817E+11,,,,,,,
6.36268E+11,,,,,,,
8.28882E+11,,,,,,,
1.03338E+11,,,,,,,
9.77425E+11,,,,,,,
2.6371E+11,,,,,,,
3.13623E+11,,,,,,,
3.34792E+11,,,,,,,
8.54406E+11,,,,,,,
2.20904E+11,,,,,,,
2.37228E+11,,,,,,,
2.8568E+11,,,,,,,
3.83854E+11,,,,,,,
8.9019E+11,,,,,,,
1.74573E+11,,,,,,,
1.65721E+11,,,,,,,
1.59075E+11,,,,,,,
5.45729E+11,,,,,,,
9.7878E+11,,,,,,,
6.08514E+11,,,,,,,
4.41553E+11,,,,,,,
4.37726E+11,,,,,,,
3.88155E+11,,,,,,,
2.71624E+11,,,,,,,
7.32776E+11,,,,,,,
3.83205E+11,,,,,,,
6.9606E+11,,,,,,,
2.4706E+11,,,,,,,
5.27078E+11,,,,,,,
6.875E+11,,,,,,,
7.65052E+11,,,,,,,
5.69618E+11,,,,,,,
1.15876E+11,,,,,,,
1.41739E+11,,,,,,,
4.44467E+11,,,,,,,
7.14611E+11,,,,,,,
5.42112E+11,,,,,,,
3.74507E+11,,,,,,,
3.07932E+11,,,,,,,
1.97644E+11,,,,,,,
2.63148E+11,,,,,,,
8.75545E+11,,,,,,,
5.02831E+11,,,,,,,
4.38732E+11,,,,,,,
3.49596E+11,,,,,,,
8.26843E+11,,,,,,,
3.07482E+11,,,,,,,
9.96417E+11,,,,,,,
2.85017E+11,,,,,,,
5.0113E+11,,,,,,,
4.09114E+11,,,,,,,
9.76936E+11,,,,,,,
5.93536E+11,,,,,,,
3.43888E+11,,,,,,,
3.06923E+11,,,,,,,
2.94883E+11,,,,,,,
1.48562E+11,,,,,,,
5.66805E+11,,,,,,,
3.2478E+11,,,,,,,
3.42949E+11,,,,,,,
8.84514E+11,,,,,,,
4.71192E+11,,,,,,,
2.70241E+11,,,,,,,
4.27187E+11,,,,,,,
4.23105E+11,,,,,,,
3.9424E+11,,,,,,,
9.08661E+11,,,,,,,
4.39964E+11,,,,,,,
1.01576E+11,,,,,,,
5.46075E+11,,,,,,,
8.85101E+11,,,,,,,
9.62586E+11,,,,,,,
4.88698E+11,,,,,,,
6.2802E+11,,,,,,,
1.5007E+11,,,,,,,
5.15877E+11,,,,,,,
5.97039E+11,,,,,,,
5.87636E+11,,,,,,,
1.80841E+11,,,,,,,
5.95133E+11,,,,,,,
5.31016E+11,,,,,,,
4.24688E+11,,,,,,,
6.88872E+11,,,,,,,
8.48585E+11,,,,,,,
5.8776E+11,,,,,,,
7.2717E+11,,,,,,,
8.54375E+11,,,,,,,
3.90382E+11,,,,,,,
4.95685E+11,,,,,,,
3.39378E+11,,,,,,,
3.44977E+11,,,,,,,
2.86241E+11,,,,,,,
3.52003E+11,,,,,,,
9.83494E+11,,,,,,,
8.71052E+11,,,,,,,
5.35048E+11,,,,,,,
3.4457E+11,,,,,,,
2.20391E+11,,,,,,,
8.91467E+11,,,,,,,
7.53694E+11,,,,,,,
6.2637E+11,,,,,,,
6.83356E+11,,,,,,,
6.72243E+11,,,,,,,
1.97319E+11,,,,,,,
1.8728E+11,,,,,,,
1.87327E+11,,,,,,,
9.6298E+11,,,,,,,
9.10067E+11,,,,,,,
6.47697E+11,,,,,,,
4.24854E+11,,,,,,,
2.07337E+11,,,,,,,
3.85119E+11,,,,,,,
4.21354E+11,,,,,,,
9.46872E+11,,,,,,,
4.70776E+11,,,,,,,
6.8972E+11,,,,,,,
1.55862E+11,,,,,,,
6.09682E+11,,,,,,,
5.57846E+11,,,,,,,
9.94694E+11,,,,,,,
1.46282E+11,,,,,,,
4.01429E+11,,,,,,,
7.10138E+11,,,,,,,
4.94095E+11,,,,,,,
8.26191E+11,,,,,,,
1.68625E+11,,,,,,,
3.49416E+11,,,,,,,
3.54218E+11,,,,,,,
5.80684E+11,,,,,,,
7.82178E+11,,,,,,,
3.50867E+11,,,,,,,
6.30895E+11,,,,,,,
6.28344E+11,,,,,,,
7.70241E+11,,,,,,,
5.12721E+11,,,,,,,
1.18672E+11,,,,,,,
9.09658E+11,,,,,,,
3.34859E+11,,,,,,,
2.44285E+11,,,,,,,
2.61638E+11,,,,,,,
9.16064E+11,,,,,,,
6.67414E+11,,,,,,,
5.67831E+11,,,,,,,
3.49904E+11,,,,,,,
6.54443E+11,,,,,,,
9.45058E+11,,,,,,,
3.83884E+11,,,,,,,
1.43236E+11,,,,,,,
6.02868E+11,,,,,,,
6.22405E+11,,,,,,,
3.1844E+11,,,,,,,
7.07982E+11,,,,,,,
5.23992E+11,,,,,,,
8.03596E+11,,,,,,,
9.05816E+11,,,,,,,
6.39871E+11,,,,,,,
2.423E+11,,,,,,,
9.06565E+11,,,,,,,
6.38213E+11,,,,,,,
1.60181E+11,,,,,,,
7.9374E+11,,,,,,,
5.42008E+11,,,,,,,
4.92366E+11,,,,,,,
5.62902E+11,,,,,,,
9.45759E+11,,,,,,,
5.72875E+11,,,,,,,
7.7244E+11,,,,,,,
1.19901E+11,,,,,,,
2.11088E+11,,,,,,,
3.60148E+11,,,,,,,
7.30324E+11,,,,,,,
9.85393E+11,,,,,,,
6.77596E+11,,,,,,,
3.42869E+11,,,,,,,
9.21137E+11,,,,,,,
5.11841E+11,,,,,,,
6.42701E+11,,,,,,,
3.75079E+11,,,,,,,
1.2808E+11,,,,,,,
2.2622E+11,,,,,,,
2.31421E+11,,,,,,,
1.25461E+11,,,,,,,
4.76013E+11,,,,,,,
8.69986E+11,,,,,,,
2.63319E+11,,,,,,,
3.40838E+11,,,,,,,
9.99738E+11,,,,,,,
1.55861E+11,,,,,,,
3.74259E+11,,,,,,,
9.38829E+11,,,,,,,
4.92686E+11,,,,,,,
9.1458E+11,,,,,,,
4.43861E+11,,,,,,,
5.772E+11,,,,,,,
3.70526E+11,,,,,,,
3.91501E+11,,,,,,,
9.24366E+11,,,,,,,
7.3989E+11,,,,,,,
1.15214E+11,,,,,,,
3.48222E+11,,,,,,,
9.71746E+11,,,,,,,
3.57129E+11,,,,,,,
9.49295E+11,,,,,,,
2.47824E+11,,,,,,,
5.31174E+11,,,,,,,
6.87066E+11,,,,,,,
6.10066E+11,,,,,,,
4.98055E+11,,,,,,,
8.58161E+11,,,,,,,
3.01636E+11,,,,,,,
4.3049E+11,,,,,,,
2.68096E+11,,,,,,,
7.37898E+11,,,,,,,
9.00421E+11,,,,,,,
2.47745E+11,,,,,,,
9.52828E+11,,,,,,,
7.31865E+11,,,,,,,
2.36195E+11,,,,,,,
1.521E+11,,,,,,,
2.95897E+11,,,,,,,
3.06415E+11,,,,,,,
2.35316E+11,,,,,,,
9.1395E+11,,,,,,,
5.58485E+11,,,,,,,
7.47813E+11,,,,,,,
3.80554E+11,,,,,,,
3.35593E+11,,,,,,,
5.70176E+11,,,,,,,
6.65708E+11,,,,,,,
3.05991E+11,,,,,,,
4.58173E+11,,,,,,,
4.89333E+11,,,,,,,
4.70752E+11,,,,,,,
3.52797E+11,,,,,,,
2.11943E+11,,,,,,,
6.9015E+11,,,,,,,
5.59808E+11,,,,,,,
3.96549E+11,,,,,,,
3.19694E+11,,,,,,,
8.21206E+11,,,,,,,
5.46963E+11,,,,,,,
7.51569E+11,,,,,,,
4.56902E+11,,,,,,,
4.5817E+11,,,,,,,
6.4357E+11,,,,,,,
7.55989E+11,,,,,,,
3.37551E+11,,,,,,,
3.56271E+11,,,,,,,
5.77311E+11,,,,,,,
8.85011E+11,,,,,,,
6.13249E+11,,,,,,,
3.07633E+11,,,,,,,
1.1011E+11,,,,,,,
9.10043E+11,,,,,,,
3.89346E+11,,,,,,,
8.65214E+11,,,,,,,
1.88405E+11,,,,,,,
5.11552E+11,,,,,,,
9.70269E+11,,,,,,,
4.54676E+11,,,,,,,
3.82413E+11,,,,,,,
4.33609E+11,,,,,,,
7.22884E+11,,,,,,,
5.44491E+11,,,,,,,
8.66228E+11,,,,,,,
8.78507E+11,,,,,,,
6.42254E+11,,,,,,,
2.07272E+11,,,,,,,
1.8388E+11,,,,,,,
7.88241E+11,,,,,,,
7.83194E+11,,,,,,,
8.32501E+11,,,,,,,
2.90651E+11,,,,,,,
7.22025E+11,,,,,,,
9.36553E+11,,,,,,,
1.17981E+11,,,,,,,
8.67455E+11,,,,,,,
1.56606E+11,,,,,,,
4.58037E+11,,,,,,,
6.87276E+11,,,,,,,
7.36685E+11,,,,,,,
1.40752E+11,,,,,,,
5.81782E+11,,,,,,,
4.66218E+11,,,,,,,
3.05434E+11,,,,,,,
8.21232E+11,,,,,,,
5.59831E+11,,,,,,,
2.14258E+11,,,,,,,
9.43589E+11,,,,,,,
1.55056E+11,,,,,,,
7.83186E+11,,,,,,,
9.60601E+11,,,,,,,
6.87376E+11,,,,,,,
5.44647E+11,,,,,,,
3.81343E+11,,,,,,,
1.66601E+11,,,,,,,
4.45681E+11,,,,,,,
4.57816E+11,,,,,,,
4.37002E+11,,,,,,,
5.15988E+11,,,,,,,
7.33335E+11,,,,,,,
3.98727E+11,,,,,,,
1.88215E+11,,,,,,,
6.3014E+11,,,,,,,
5.27737E+11,,,,,,,
1.66852E+11,,,,,,,
6.4401E+11,,,,,,,
7.82752E+11,,,,,,,
3.18905E+11,,,,,,,
4.36824E+11,,,,,,,
9.97963E+11,,,,,,,
2.64943E+11,,,,,,,
3.31555E+11,,,,,,,
2.15384E+11,,,,,,,
9.14583E+11,,,,,,,
1.3467E+11,,,,,,,
2.8174E+11,,,,,,,
8.00635E+11,,,,,,,
3.72712E+11,,,,,,,
6.54393E+11,,,,,,,
8.47686E+11,,,,,,,
8.61854E+11,,,,,,,
9.42272E+11,,,,,,,
7.9896E+11,,,,,,,
6.00857E+11,,,,,,,
1.26806E+11,,,,,,,
9.92268E+11,,,,,,,
2.84539E+11,,,,,,,
5.48763E+11,,,,,,,
4.92431E+11,,,,,,,
8.18346E+11,,,,,,,
7.1575E+11,,,,,,,
3.43936E+11,,,,,,,
1.75407E+11,,,,,,,
8.45765E+11,,,,,,,
8.48777E+11,,,,,,,
7.8203E+11,,,,,,,
8.309E+11,,,,,,,
3.71753E+11,,,,,,,
9.72742E+11,,,,,,,
2.7278E+11,,,,,,,
3.27633E+11,,,,,,,
4.23364E+11,,,,,,,
1.66203E+11,,,,,,,
8.36683E+11,,,,,,,
9.84298E+11,,,,,,,
5.10521E+11,,,,,,,
3.4104E+11,,,,,,,
6.70049E+11,,,,,,,
1.93115E+11,,,,,,,
1.72297E+11,,,,,,,
7.18286E+11,,,,,,,
4.10921E+11,,,,,,,
2.62121E+11,,,,,,,
1.24445E+11,,,,,,,
7.42271E+11,,,,,,,
2.97191E+11,,,,,,,
8.60115E+11,,,,,,,
4.31358E+11,,,,,,,
7.15957E+11,,,,,,,
8.16118E+11,,,,,,,
9.26469E+11,,,,,,,
7.42956E+11,,,,,,,
2.33734E+11,,,,,,,
6.03577E+11,,,,,,,
6.1816E+11,,,,,,,
4.00523E+11,,,,,,,
4.06818E+11,,,,,,,
2.89807E+11,,,,,,,
2.72641E+11,,,,,,,
8.33171E+11,,,,,,,
5.14986E+11,,,,,,,
6.93704E+11,,,,,,,
6.05207E+11,,,,,,,
2.4305E+11,,,,,,,
9.31419E+11,,,,,,,
5.70828E+11,,,,,,,
4.4264E+11,,,,,,,
2.09685E+11,,,,,,,
4.23388E+11,,,,,,,
4.0665E+11,,,,,,,
8.50486E+11,,,,,,,
6.64849E+11,,,,,,,
5.99386E+11,,,,,,,
6.50286E+11,,,,,,,
8.24966E+11,,,,,,,
5.49757E+11,,,,,,,
1.56277E+11,,,,,,,
8.73367E+11,,,,,,,
4.39197E+11,,,,,,,
6.33014E+11,,,,,,,
8.45847E+11,,,,,,,
2.63929E+11,,,,,,,
1.48661E+11,,,,,,,
2.73795E+11,,,,,,,
7.15084E+11,,,,,,,
4.62744E+11,,,,,,,
3.68345E+11,,,,,,,
3.97764E+11,,,,,,,
8.00599E+11,,,,,,,
1.38794E+11,,,,,,,
6.99458E+11,,,,,,,
7.36521E+11,,,,,,,
5.13498E+11,,,,,,,
2.71635E+11,,,,,,,
8.83487E+11,,,,,,,
3.29615E+11,,,,,,,
2.15805E+11,,,,,,,
9.91834E+11,,,,,,,
6.23862E+11,,,,,,,
9.76025E+11,,,,,,,
3.87358E+11,,,,,,,
1.37739E+11,,,,,,,
1.54462E+11,,,,,,,
4.47569E+11,,,,,,,
3.76205E+11,,,,,,,
2.93496E+11,,,,,,,
9.64253E+11,,,,,,,
4.17375E+11,,,,,,,
1.07723E+11,,,,,,,
2.64317E+11,,,,,,,
8.8782E+11,,,,,,,
8.18449E+11,,,,,,,
6.40588E+11,,,,,,,
3.58635E+11,,,,,,,
7.95055E+11,,,,,,,
4.22395E+11,,,,,,,
4.55646E+11,,,,,,,
7.49672E+11,,,,,,,
3.6429E+11,,,,,,,
2.27184E+11,,,,,,,
7.15769E+11,,,,,,,
5.28113E+11,,,,,,,
1.98719E+11,,,,,,,
5.58073E+11,,,,,,,
8.64689E+11,,,,,,,
6.95399E+11,,,,,,,
2.94417E+11,,,,,,,
6.83977E+11,,,,,,,
3.68514E+11,,,,,,,
2.95808E+11,,,,,,,
7.10644E+11,,,,,,,
1.352E+11,,,,,,,
3.83464E+11,,,,,,,
2.13581E+11,,,,,,,
5.87035E+11,,,,,,,
8.58201E+11,,,,,,,
9.34485E+11,,,,,,,
1.62511E+11,,,,,,,
8.90557E+11,,,,,,,
1.90359E+11,,,,,,,
3.79052E+11,,,,,,,
3.73846E+11,,,,,,,
7.88554E+11,,,,,,,
7.88305E+11,,,,,,,
7.62138E+11,,,,,,,
2.01696E+11,,,,,,,
8.54302E+11,,,,,,,
7.7984E+11,,,,,,,
4.69578E+11,,,,,,,
3.06405E+11,,,,,,,
3.75565E+11,,,,,,,
9.26231E+11,,,,,,,
3.94601E+11,,,,,,,
5.60843E+11,,,,,,,
4.55625E+11,,,,,,,
2.56763E+11,,,,,,,
8.49847E+11,,,,,,,
9.42806E+11,,,,,,,
8.64887E+11,,,,,,,
1.09192E+11,,,,,,,
5.22592E+11,,,,,,,
9.51892E+11,,,,,,,
8.05826E+11,,,,,,,
1.70797E+11,,,,,,,
4.12894E+11,,,,,,,
5.30339E+11,,,,,,,
8.67859E+11,,,,,,,
8.62641E+11,,,,,,,
8.55904E+11,,,,,,,
7.98463E+11,,,,,,,
4.06176E+11,,,,,,,
7.85922E+11,,,,,,,
7.72534E+11,,,,,,,
6.83619E+11,,,,,,,
7.81136E+11,,,,,,,
9.08891E+11,,,,,,,
4.40497E+11,,,,,,,
2.30964E+11,,,,,,,
9.56126E+11,,,,,,,
2.76354E+11,,,,,,,
1.61658E+11,,,,,,,
9.56588E+11,,,,,,,
8.53924E+11,,,,,,,
4.44699E+11,,,,,,,
8.42796E+11,,,,,,,
6.77475E+11,,,,,,,
7.7893E+11,,,,,,,
8.23604E+11,,,,,,,
6.14459E+11,,,,,,,
7.16976E+11,,,,,,,
2.75765E+11,,,,,,,
8.86894E+11,,,,,,,
8.7827E+11,,,,,,,
5.68673E+11,,,,,,,
1.87072E+11,,,,,,,
1.64011E+11,,,,,,,
9.98434E+11,,,,,,,
2.86048E+11,,,,,,,
2.54576E+11,,,,,,,
3.87461E+11,,,,,,,
7.9742E+11,,,,,,,
2.76263E+11,,,,,,,
4.90776E+11,,,,,,,
1.83621E+11,,,,,,,
7.96523E+11,,,,,,,
